"uri_expe"	"name_expe"	"uri"	"name"	"geometry"	"rdf_type"	"rdf_type_name"	"creation_date"	"destruction_date"
"vitis-explorer:id/experiment/expetest_viti"	"ExpeTest_Viti"	"vitis-explorer.inrae.fr:id/scientific-object/so-pu_30315"	"30315_nom_modifie"	NA	"vocabulary:Plot"	"Parcelle Unitaire"	NA	NA
"vitis-explorer:id/experiment/expetest_viti"	"ExpeTest_Viti"	"vitis-explorer.inrae.fr:id/scientific-object/so-pu_30316"	"30316"	NA	"vocabulary:Plot"	"Parcelle Unitaire"	NA	NA
"vitis-explorer:id/experiment/expetest_viti"	"ExpeTest_Viti"	"vitis-explorer.inrae.fr:id/scientific-object/so-pu_30317"	"30317"	NA	"vocabulary:Plot"	"Parcelle Unitaire"	NA	NA
"vitis-explorer:id/experiment/expetest_viti"	"ExpeTest_Viti"	"vitis-explorer.inrae.fr:id/scientific-object/so-pu_30318"	"30318"	NA	"vocabulary:Plot"	"Parcelle Unitaire"	NA	NA
"vitis-explorer:id/experiment/expetest_viti"	"ExpeTest_Viti"	"vitis-explorer.inrae.fr:id/scientific-object/so-pu_30319"	"30319"	NA	"vocabulary:Plot"	"Parcelle Unitaire"	NA	NA
"vitis-explorer:id/experiment/expetest_viti"	"ExpeTest_Viti"	"vitis-explorer.inrae.fr:id/scientific-object/so-pu_30320"	"30320"	NA	"vocabulary:Plot"	"Parcelle Unitaire"	NA	NA
"vitis-explorer:id/experiment/expetest_viti"	"ExpeTest_Viti"	"vitis-explorer.inrae.fr:id/scientific-object/so-pu_30321"	"30321"	NA	"vocabulary:Plot"	"Parcelle Unitaire"	NA	NA
"vitis-explorer:id/experiment/expetest_viti"	"ExpeTest_Viti"	"vitis-explorer.inrae.fr:id/scientific-object/so-pu_30322"	"30322"	NA	"vocabulary:Plot"	"Parcelle Unitaire"	NA	NA
"vitis-explorer:id/experiment/expetest_viti"	"ExpeTest_Viti"	"vitis-explorer.inrae.fr:id/scientific-object/so-pu_30323"	"30323"	NA	"vocabulary:Plot"	"Parcelle Unitaire"	NA	NA
"vitis-explorer:id/experiment/expetest_viti"	"ExpeTest_Viti"	"vitis-explorer.inrae.fr:id/scientific-object/so-pu_30324"	"30324"	NA	"vocabulary:Plot"	"Parcelle Unitaire"	NA	NA
"vitis-explorer:id/experiment/expetest_viti"	"ExpeTest_Viti"	"vitis-explorer.inrae.fr:id/scientific-object/so-pu_30325"	"30325"	NA	"vocabulary:Plot"	"Parcelle Unitaire"	NA	NA
"vitis-explorer:id/experiment/expetest_viti"	"ExpeTest_Viti"	"vitis-explorer.inrae.fr:id/scientific-object/so-pu_30326"	"30326"	NA	"vocabulary:Plot"	"Parcelle Unitaire"	NA	NA
"vitis-explorer:id/experiment/expetest_viti"	"ExpeTest_Viti"	"vitis-explorer.inrae.fr:id/scientific-object/so-pu_30327"	"30327"	NA	"vocabulary:Plot"	"Parcelle Unitaire"	NA	NA
"vitis-explorer:id/experiment/expetest_viti"	"ExpeTest_Viti"	"vitis-explorer.inrae.fr:id/scientific-object/so-pu_30328"	"30328"	NA	"vocabulary:Plot"	"Parcelle Unitaire"	NA	NA
"vitis-explorer:id/experiment/expetest_viti"	"ExpeTest_Viti"	"vitis-explorer.inrae.fr:id/scientific-object/so-pu_30329"	"30329"	NA	"vocabulary:Plot"	"Parcelle Unitaire"	NA	NA
"vitis-explorer:id/experiment/expetest_viti"	"ExpeTest_Viti"	"vitis-explorer.inrae.fr:id/scientific-object/so-pu_30330"	"30330"	NA	"vocabulary:Plot"	"Parcelle Unitaire"	NA	NA
"vitis-explorer:id/experiment/expetest_viti"	"ExpeTest_Viti"	"vitis-explorer.inrae.fr:id/scientific-object/so-pu_30331"	"30331"	NA	"vocabulary:Plot"	"Parcelle Unitaire"	NA	NA
"vitis-explorer:id/experiment/expetest_viti"	"ExpeTest_Viti"	"vitis-explorer.inrae.fr:id/scientific-object/so-pu_30332"	"30332"	NA	"vocabulary:Plot"	"Parcelle Unitaire"	NA	NA
"vitis-explorer:id/experiment/expetest_viti"	"ExpeTest_Viti"	"vitis-explorer.inrae.fr:id/scientific-object/so-pu_30333"	"30333"	NA	"vocabulary:Plot"	"Parcelle Unitaire"	NA	NA
"vitis-explorer:id/experiment/expetest_viti"	"ExpeTest_Viti"	"vitis-explorer.inrae.fr:id/scientific-object/so-pu_30334"	"30334"	NA	"vocabulary:Plot"	"Parcelle Unitaire"	NA	NA
"vitis-explorer:id/experiment/expetest_viti"	"ExpeTest_Viti"	"vitis-explorer.inrae.fr:id/scientific-object/so-pu_30335"	"30335"	NA	"vocabulary:Plot"	"Parcelle Unitaire"	NA	NA
"vitis-explorer:id/experiment/expetest_viti"	"ExpeTest_Viti"	"vitis-explorer.inrae.fr:id/scientific-object/so-pu_30336"	"30336"	NA	"vocabulary:Plot"	"Parcelle Unitaire"	NA	NA
"vitis-explorer:id/experiment/expetest_viti"	"ExpeTest_Viti"	"vitis-explorer.inrae.fr:id/scientific-object/so-pu_30337"	"30337"	NA	"vocabulary:Plot"	"Parcelle Unitaire"	NA	NA
"vitis-explorer:id/experiment/expetest_viti"	"ExpeTest_Viti"	"vitis-explorer.inrae.fr:id/scientific-object/so-pu_30338"	"30338"	NA	"vocabulary:Plot"	"Parcelle Unitaire"	NA	NA
"vitis-explorer:id/experiment/expetest_viti"	"ExpeTest_Viti"	"vitis-explorer.inrae.fr:id/scientific-object/so-pu_30339"	"30339"	NA	"vocabulary:Plot"	"Parcelle Unitaire"	NA	NA
"vitis-explorer:id/experiment/expetest_viti"	"ExpeTest_Viti"	"vitis-explorer.inrae.fr:id/scientific-object/so-pu_30340"	"30340"	NA	"vocabulary:Plot"	"Parcelle Unitaire"	NA	NA
"vitis-explorer:id/experiment/expetest_viti"	"ExpeTest_Viti"	"vitis-explorer.inrae.fr:id/scientific-object/so-pu_30341"	"30341"	NA	"vocabulary:Plot"	"Parcelle Unitaire"	NA	NA
"vitis-explorer:id/experiment/expetest_viti"	"ExpeTest_Viti"	"vitis-explorer.inrae.fr:id/scientific-object/so-pu_30342"	"30342"	NA	"vocabulary:Plot"	"Parcelle Unitaire"	NA	NA
"vitis-explorer:id/experiment/expetest_viti"	"ExpeTest_Viti"	"vitis-explorer.inrae.fr:id/scientific-object/so-pu_30343"	"30343"	NA	"vocabulary:Plot"	"Parcelle Unitaire"	NA	NA
"vitis-explorer:id/experiment/expetest_viti"	"ExpeTest_Viti"	"vitis-explorer.inrae.fr:id/scientific-object/so-pu_30344"	"30344"	NA	"vocabulary:Plot"	"Parcelle Unitaire"	NA	NA
"vitis-explorer:id/experiment/expetest_viti"	"ExpeTest_Viti"	"vitis-explorer.inrae.fr:id/scientific-object/so-pu_30345"	"30345"	NA	"vocabulary:Plot"	"Parcelle Unitaire"	NA	NA
"vitis-explorer:id/experiment/expetest_viti"	"ExpeTest_Viti"	"vitis-explorer.inrae.fr:id/scientific-object/so-pu_30346"	"30346"	NA	"vocabulary:Plot"	"Parcelle Unitaire"	NA	NA
"vitis-explorer:id/experiment/expetest_viti"	"ExpeTest_Viti"	"vitis-explorer.inrae.fr:id/scientific-object/so-pu_30347"	"30347"	NA	"vocabulary:Plot"	"Parcelle Unitaire"	NA	NA
"vitis-explorer:id/experiment/expetest_viti"	"ExpeTest_Viti"	"vitis-explorer.inrae.fr:id/scientific-object/so-pu_30348"	"30348"	NA	"vocabulary:Plot"	"Parcelle Unitaire"	NA	NA
"vitis-explorer:id/experiment/expetest_viti"	"ExpeTest_Viti"	"vitis-explorer.inrae.fr:id/scientific-object/so-pu_30349"	"30349"	NA	"vocabulary:Plot"	"Parcelle Unitaire"	NA	NA
"vitis-explorer:id/experiment/expetest_viti"	"ExpeTest_Viti"	"vitis-explorer.inrae.fr:id/scientific-object/so-pu_30350"	"30350"	NA	"vocabulary:Plot"	"Parcelle Unitaire"	NA	NA
"vitis-explorer:id/experiment/expetest_viti"	"ExpeTest_Viti"	"vitis-explorer.inrae.fr:id/scientific-object/so-pu_30351"	"30351"	NA	"vocabulary:Plot"	"Parcelle Unitaire"	NA	NA
"vitis-explorer:id/experiment/expetest_viti"	"ExpeTest_Viti"	"vitis-explorer.inrae.fr:id/scientific-object/so-pu_30352"	"30352"	NA	"vocabulary:Plot"	"Parcelle Unitaire"	NA	NA
"vitis-explorer:id/experiment/expetest_viti"	"ExpeTest_Viti"	"vitis-explorer.inrae.fr:id/scientific-object/so-pu_30353"	"30353"	NA	"vocabulary:Plot"	"Parcelle Unitaire"	NA	NA
"vitis-explorer:id/experiment/expetest_viti"	"ExpeTest_Viti"	"vitis-explorer.inrae.fr:id/scientific-object/so-pu_30354"	"30354"	NA	"vocabulary:Plot"	"Parcelle Unitaire"	NA	NA
"vitis-explorer:id/experiment/expetest_viti"	"ExpeTest_Viti"	"vitis-explorer.inrae.fr:id/scientific-object/so-pu_30355"	"30355"	NA	"vocabulary:Plot"	"Parcelle Unitaire"	NA	NA
"vitis-explorer:id/experiment/expetest_viti"	"ExpeTest_Viti"	"vitis-explorer.inrae.fr:id/scientific-object/so-pu_30356"	"30356"	NA	"vocabulary:Plot"	"Parcelle Unitaire"	NA	NA
"vitis-explorer:id/experiment/expetest_viti"	"ExpeTest_Viti"	"vitis-explorer.inrae.fr:id/scientific-object/so-pu_30357"	"30357"	NA	"vocabulary:Plot"	"Parcelle Unitaire"	NA	NA
"vitis-explorer:id/experiment/expetest_viti"	"ExpeTest_Viti"	"vitis-explorer.inrae.fr:id/scientific-object/so-pu_30358"	"30358"	NA	"vocabulary:Plot"	"Parcelle Unitaire"	NA	NA
"vitis-explorer:id/experiment/expetest_viti"	"ExpeTest_Viti"	"vitis-explorer.inrae.fr:id/scientific-object/so-pu_30359"	"30359"	NA	"vocabulary:Plot"	"Parcelle Unitaire"	NA	NA
"vitis-explorer:id/experiment/expetest_viti"	"ExpeTest_Viti"	"vitis-explorer.inrae.fr:id/scientific-object/so-pu_30360"	"30360"	NA	"vocabulary:Plot"	"Parcelle Unitaire"	NA	NA
"vitis-explorer:id/experiment/expetest_viti"	"ExpeTest_Viti"	"vitis-explorer.inrae.fr:id/scientific-object/so-pu_30361"	"30361"	NA	"vocabulary:Plot"	"Parcelle Unitaire"	NA	NA
"vitis-explorer:id/experiment/expetest_viti"	"ExpeTest_Viti"	"vitis-explorer.inrae.fr:id/scientific-object/so-pu_30362"	"30362"	NA	"vocabulary:Plot"	"Parcelle Unitaire"	NA	NA
"vitis-explorer:id/experiment/expetest_viti"	"ExpeTest_Viti"	"vitis-explorer.inrae.fr:id/scientific-object/so-pu_30363"	"30363"	NA	"vocabulary:Plot"	"Parcelle Unitaire"	NA	NA
"vitis-explorer:id/experiment/expetest_viti"	"ExpeTest_Viti"	"vitis-explorer.inrae.fr:id/scientific-object/so-pu_30364"	"30364"	NA	"vocabulary:Plot"	"Parcelle Unitaire"	NA	NA
"vitis-explorer:id/experiment/expetest_viti"	"ExpeTest_Viti"	"vitis-explorer.inrae.fr:id/scientific-object/so-pu_30365"	"30365"	NA	"vocabulary:Plot"	"Parcelle Unitaire"	NA	NA
"vitis-explorer:id/experiment/expetest_viti"	"ExpeTest_Viti"	"vitis-explorer.inrae.fr:id/scientific-object/so-pu_30366"	"30366"	NA	"vocabulary:Plot"	"Parcelle Unitaire"	NA	NA
"vitis-explorer:id/experiment/expetest_viti"	"ExpeTest_Viti"	"vitis-explorer.inrae.fr:id/scientific-object/so-pu_30367"	"30367"	NA	"vocabulary:Plot"	"Parcelle Unitaire"	NA	NA
"vitis-explorer:id/experiment/expetest_viti"	"ExpeTest_Viti"	"vitis-explorer.inrae.fr:id/scientific-object/so-pu_30368"	"30368"	NA	"vocabulary:Plot"	"Parcelle Unitaire"	NA	NA
"vitis-explorer:id/experiment/expetest_viti"	"ExpeTest_Viti"	"vitis-explorer.inrae.fr:id/scientific-object/so-pu_30369"	"30369"	NA	"vocabulary:Plot"	"Parcelle Unitaire"	NA	NA
"vitis-explorer:id/experiment/expetest_viti"	"ExpeTest_Viti"	"vitis-explorer.inrae.fr:id/scientific-object/so-pu_30370"	"30370"	NA	"vocabulary:Plot"	"Parcelle Unitaire"	NA	NA
"vitis-explorer:id/experiment/expetest_viti"	"ExpeTest_Viti"	"vitis-explorer.inrae.fr:id/scientific-object/so-pu_30371"	"30371"	NA	"vocabulary:Plot"	"Parcelle Unitaire"	NA	NA
"vitis-explorer:id/experiment/expetest_viti"	"ExpeTest_Viti"	"vitis-explorer.inrae.fr:id/scientific-object/so-pu_30372"	"30372"	NA	"vocabulary:Plot"	"Parcelle Unitaire"	NA	NA
"vitis-explorer:id/experiment/expetest_viti"	"ExpeTest_Viti"	"vitis-explorer.inrae.fr:id/scientific-object/so-pu_30373"	"30373"	NA	"vocabulary:Plot"	"Parcelle Unitaire"	NA	NA
"vitis-explorer:id/experiment/expetest_viti"	"ExpeTest_Viti"	"vitis-explorer.inrae.fr:id/scientific-object/so-pu_30374"	"30374"	NA	"vocabulary:Plot"	"Parcelle Unitaire"	NA	NA
"vitis-explorer:id/experiment/expetest_viti"	"ExpeTest_Viti"	"vitis-explorer.inrae.fr:id/scientific-object/so-pu_30375"	"30375"	NA	"vocabulary:Plot"	"Parcelle Unitaire"	NA	NA
"vitis-explorer:id/experiment/expetest_viti"	"ExpeTest_Viti"	"vitis-explorer.inrae.fr:id/scientific-object/so-pu_30376"	"30376"	NA	"vocabulary:Plot"	"Parcelle Unitaire"	NA	NA
"vitis-explorer:id/experiment/expetest_viti"	"ExpeTest_Viti"	"vitis-explorer.inrae.fr:id/scientific-object/so-pu_30377"	"30377"	NA	"vocabulary:Plot"	"Parcelle Unitaire"	NA	NA
"vitis-explorer:id/experiment/expetest_viti"	"ExpeTest_Viti"	"vitis-explorer.inrae.fr:id/scientific-object/so-pu_30378"	"30378"	NA	"vocabulary:Plot"	"Parcelle Unitaire"	NA	NA
"vitis-explorer:id/experiment/expetest_viti"	"ExpeTest_Viti"	"vitis-explorer.inrae.fr:id/scientific-object/so-pu_30379"	"30379"	NA	"vocabulary:Plot"	"Parcelle Unitaire"	NA	NA
"vitis-explorer:id/experiment/expetest_viti"	"ExpeTest_Viti"	"vitis-explorer.inrae.fr:id/scientific-object/so-pu_30380"	"30380"	NA	"vocabulary:Plot"	"Parcelle Unitaire"	NA	NA
"vitis-explorer:id/experiment/expetest_viti"	"ExpeTest_Viti"	"vitis-explorer.inrae.fr:id/scientific-object/so-pu_30381"	"30381"	NA	"vocabulary:Plot"	"Parcelle Unitaire"	NA	NA
"vitis-explorer:id/experiment/expetest_viti"	"ExpeTest_Viti"	"vitis-explorer.inrae.fr:id/scientific-object/so-pu_30382"	"30382"	NA	"vocabulary:Plot"	"Parcelle Unitaire"	NA	NA
"vitis-explorer:id/experiment/expetest_viti"	"ExpeTest_Viti"	"vitis-explorer.inrae.fr:id/scientific-object/so-pu_30383"	"30383"	NA	"vocabulary:Plot"	"Parcelle Unitaire"	NA	NA
"vitis-explorer:id/experiment/expetest_viti"	"ExpeTest_Viti"	"vitis-explorer.inrae.fr:id/scientific-object/so-pu_30384"	"30384"	NA	"vocabulary:Plot"	"Parcelle Unitaire"	NA	NA
"vitis-explorer:id/experiment/expetest_viti"	"ExpeTest_Viti"	"vitis-explorer.inrae.fr:id/scientific-object/so-pu_30385"	"30385"	NA	"vocabulary:Plot"	"Parcelle Unitaire"	NA	NA
"vitis-explorer:id/experiment/expetest_viti"	"ExpeTest_Viti"	"vitis-explorer.inrae.fr:id/scientific-object/so-pu_30386"	"30386"	NA	"vocabulary:Plot"	"Parcelle Unitaire"	NA	NA
"vitis-explorer:id/experiment/expetest_viti"	"ExpeTest_Viti"	"vitis-explorer.inrae.fr:id/scientific-object/so-pu_30387"	"30387"	NA	"vocabulary:Plot"	"Parcelle Unitaire"	NA	NA
"vitis-explorer:id/experiment/expetest_viti"	"ExpeTest_Viti"	"vitis-explorer.inrae.fr:id/scientific-object/so-pu_30388"	"30388"	NA	"vocabulary:Plot"	"Parcelle Unitaire"	NA	NA
"vitis-explorer:id/experiment/expetest_viti"	"ExpeTest_Viti"	"vitis-explorer.inrae.fr:id/scientific-object/so-pu_30389"	"30389"	NA	"vocabulary:Plot"	"Parcelle Unitaire"	NA	NA
"vitis-explorer:id/experiment/expetest_viti"	"ExpeTest_Viti"	"vitis-explorer.inrae.fr:id/scientific-object/so-pu_30390"	"30390"	NA	"vocabulary:Plot"	"Parcelle Unitaire"	NA	NA
"vitis-explorer:id/experiment/expetest_viti"	"ExpeTest_Viti"	"vitis-explorer.inrae.fr:id/scientific-object/so-pu_30391"	"30391"	NA	"vocabulary:Plot"	"Parcelle Unitaire"	NA	NA
"vitis-explorer:id/experiment/expetest_viti"	"ExpeTest_Viti"	"vitis-explorer.inrae.fr:id/scientific-object/so-pu_30392"	"30392"	NA	"vocabulary:Plot"	"Parcelle Unitaire"	NA	NA
"vitis-explorer:id/experiment/expetest_viti"	"ExpeTest_Viti"	"vitis-explorer.inrae.fr:id/scientific-object/so-pu_30393"	"30393"	NA	"vocabulary:Plot"	"Parcelle Unitaire"	NA	NA
"vitis-explorer:id/experiment/expetest_viti"	"ExpeTest_Viti"	"vitis-explorer.inrae.fr:id/scientific-object/so-pu_30394"	"30394"	NA	"vocabulary:Plot"	"Parcelle Unitaire"	NA	NA
"vitis-explorer:id/experiment/expetest_viti"	"ExpeTest_Viti"	"vitis-explorer.inrae.fr:id/scientific-object/so-pu_30395"	"30395"	NA	"vocabulary:Plot"	"Parcelle Unitaire"	NA	NA
"vitis-explorer:id/experiment/expetest_viti"	"ExpeTest_Viti"	"vitis-explorer.inrae.fr:id/scientific-object/so-pu_30396"	"30396"	NA	"vocabulary:Plot"	"Parcelle Unitaire"	NA	NA
"vitis-explorer:id/experiment/expetest_viti"	"ExpeTest_Viti"	"vitis-explorer.inrae.fr:id/scientific-object/so-pu_30397"	"30397"	NA	"vocabulary:Plot"	"Parcelle Unitaire"	NA	NA
"vitis-explorer:id/experiment/expetest_viti"	"ExpeTest_Viti"	"vitis-explorer.inrae.fr:id/scientific-object/so-pu_30398"	"30398"	NA	"vocabulary:Plot"	"Parcelle Unitaire"	NA	NA
"vitis-explorer:id/experiment/expetest_viti"	"ExpeTest_Viti"	"vitis-explorer.inrae.fr:id/scientific-object/so-pu_30399"	"30399"	NA	"vocabulary:Plot"	"Parcelle Unitaire"	NA	NA
"vitis-explorer:id/experiment/expetest_viti"	"ExpeTest_Viti"	"vitis-explorer.inrae.fr:id/scientific-object/so-pu_30400"	"30400"	NA	"vocabulary:Plot"	"Parcelle Unitaire"	NA	NA
"vitis-explorer:id/experiment/expetest_viti"	"ExpeTest_Viti"	"vitis-explorer.inrae.fr:id/scientific-object/so-pu_30401"	"30401"	NA	"vocabulary:Plot"	"Parcelle Unitaire"	NA	NA
"vitis-explorer:id/experiment/expetest_viti"	"ExpeTest_Viti"	"vitis-explorer.inrae.fr:id/scientific-object/so-pu_30402"	"30402"	NA	"vocabulary:Plot"	"Parcelle Unitaire"	NA	NA
"vitis-explorer:id/experiment/expetest_viti"	"ExpeTest_Viti"	"vitis-explorer.inrae.fr:id/scientific-object/so-pu_30403"	"30403"	NA	"vocabulary:Plot"	"Parcelle Unitaire"	NA	NA
"vitis-explorer:id/experiment/expetest_viti"	"ExpeTest_Viti"	"vitis-explorer.inrae.fr:id/scientific-object/so-pu_30404"	"30404"	NA	"vocabulary:Plot"	"Parcelle Unitaire"	NA	NA
"vitis-explorer:id/experiment/expetest_viti"	"ExpeTest_Viti"	"vitis-explorer.inrae.fr:id/scientific-object/so-pu_30405"	"30405"	NA	"vocabulary:Plot"	"Parcelle Unitaire"	NA	NA
"vitis-explorer:id/experiment/expetest_viti"	"ExpeTest_Viti"	"vitis-explorer.inrae.fr:id/scientific-object/so-pu_30406"	"30406"	NA	"vocabulary:Plot"	"Parcelle Unitaire"	NA	NA
"vitis-explorer:id/experiment/expetest_viti"	"ExpeTest_Viti"	"vitis-explorer.inrae.fr:id/scientific-object/so-pu_30407"	"30407"	NA	"vocabulary:Plot"	"Parcelle Unitaire"	NA	NA
"vitis-explorer:id/experiment/expetest_viti"	"ExpeTest_Viti"	"vitis-explorer.inrae.fr:id/scientific-object/so-pu_30408"	"30408"	NA	"vocabulary:Plot"	"Parcelle Unitaire"	NA	NA
"vitis-explorer:id/experiment/expetest_viti"	"ExpeTest_Viti"	"vitis-explorer.inrae.fr:id/scientific-object/so-pu_30409"	"30409"	NA	"vocabulary:Plot"	"Parcelle Unitaire"	NA	NA
"vitis-explorer:id/experiment/expetest_viti"	"ExpeTest_Viti"	"vitis-explorer.inrae.fr:id/scientific-object/so-pu_30410"	"30410"	NA	"vocabulary:Plot"	"Parcelle Unitaire"	NA	NA
"vitis-explorer:id/experiment/expetest_viti"	"ExpeTest_Viti"	"vitis-explorer.inrae.fr:id/scientific-object/so-pu_30411"	"30411"	NA	"vocabulary:Plot"	"Parcelle Unitaire"	NA	NA
"vitis-explorer:id/experiment/expetest_viti"	"ExpeTest_Viti"	"vitis-explorer.inrae.fr:id/scientific-object/so-pu_30412"	"30412"	NA	"vocabulary:Plot"	"Parcelle Unitaire"	NA	NA
"vitis-explorer:id/experiment/expetest_viti"	"ExpeTest_Viti"	"vitis-explorer.inrae.fr:id/scientific-object/so-pu_30413"	"30413"	NA	"vocabulary:Plot"	"Parcelle Unitaire"	NA	NA
"vitis-explorer:id/experiment/expetest_viti"	"ExpeTest_Viti"	"vitis-explorer.inrae.fr:id/scientific-object/so-pu_30414"	"30414"	NA	"vocabulary:Plot"	"Parcelle Unitaire"	NA	NA
"vitis-explorer:id/experiment/expetest_viti"	"ExpeTest_Viti"	"vitis-explorer.inrae.fr:id/scientific-object/so-pu_30415"	"30415"	NA	"vocabulary:Plot"	"Parcelle Unitaire"	NA	NA
"vitis-explorer:id/experiment/expetest_viti"	"ExpeTest_Viti"	"vitis-explorer.inrae.fr:id/scientific-object/so-pu_30416"	"30416"	NA	"vocabulary:Plot"	"Parcelle Unitaire"	NA	NA
"vitis-explorer:id/experiment/expetest_viti"	"ExpeTest_Viti"	"vitis-explorer.inrae.fr:id/scientific-object/so-pu_30417"	"30417"	NA	"vocabulary:Plot"	"Parcelle Unitaire"	NA	NA
"vitis-explorer:id/experiment/expetest_viti"	"ExpeTest_Viti"	"vitis-explorer.inrae.fr:id/scientific-object/so-pu_30418"	"30418"	NA	"vocabulary:Plot"	"Parcelle Unitaire"	NA	NA
"vitis-explorer:id/experiment/expetest_viti"	"ExpeTest_Viti"	"vitis-explorer.inrae.fr:id/scientific-object/so-pu_30419"	"30419"	NA	"vocabulary:Plot"	"Parcelle Unitaire"	NA	NA
"vitis-explorer:id/experiment/expetest_viti"	"ExpeTest_Viti"	"vitis-explorer.inrae.fr:id/scientific-object/so-pu_30420"	"30420"	NA	"vocabulary:Plot"	"Parcelle Unitaire"	NA	NA
"vitis-explorer:id/experiment/expetest_viti"	"ExpeTest_Viti"	"vitis-explorer.inrae.fr:id/scientific-object/so-pu_30421"	"30421"	NA	"vocabulary:Plot"	"Parcelle Unitaire"	NA	NA
"vitis-explorer:id/experiment/expetest_viti"	"ExpeTest_Viti"	"vitis-explorer.inrae.fr:id/scientific-object/so-pu_30422"	"30422"	NA	"vocabulary:Plot"	"Parcelle Unitaire"	NA	NA
"vitis-explorer:id/experiment/expetest_viti"	"ExpeTest_Viti"	"vitis-explorer.inrae.fr:id/scientific-object/so-pu_30423"	"30423"	NA	"vocabulary:Plot"	"Parcelle Unitaire"	NA	NA
"vitis-explorer:id/experiment/expetest_viti"	"ExpeTest_Viti"	"vitis-explorer.inrae.fr:id/scientific-object/so-pu_30424"	"30424"	NA	"vocabulary:Plot"	"Parcelle Unitaire"	NA	NA
"vitis-explorer:id/experiment/expetest_viti"	"ExpeTest_Viti"	"vitis-explorer.inrae.fr:id/scientific-object/so-pu_30425"	"30425"	NA	"vocabulary:Plot"	"Parcelle Unitaire"	NA	NA
"vitis-explorer:id/experiment/expetest_viti"	"ExpeTest_Viti"	"vitis-explorer.inrae.fr:id/scientific-object/so-pu_30426"	"30426"	NA	"vocabulary:Plot"	"Parcelle Unitaire"	NA	NA
"vitis-explorer:id/experiment/expetest_viti"	"ExpeTest_Viti"	"vitis-explorer.inrae.fr:id/scientific-object/so-pu_30427"	"30427"	NA	"vocabulary:Plot"	"Parcelle Unitaire"	NA	NA
"vitis-explorer:id/experiment/expetest_viti"	"ExpeTest_Viti"	"vitis-explorer.inrae.fr:id/scientific-object/so-pu_30428"	"30428"	NA	"vocabulary:Plot"	"Parcelle Unitaire"	NA	NA
"vitis-explorer:id/experiment/expetest_viti"	"ExpeTest_Viti"	"vitis-explorer.inrae.fr:id/scientific-object/so-pu_30429"	"30429"	NA	"vocabulary:Plot"	"Parcelle Unitaire"	NA	NA
"vitis-explorer:id/experiment/expetest_viti"	"ExpeTest_Viti"	"vitis-explorer.inrae.fr:id/scientific-object/so-pu_30430"	"30430"	NA	"vocabulary:Plot"	"Parcelle Unitaire"	NA	NA
"vitis-explorer:id/experiment/expetest_viti"	"ExpeTest_Viti"	"vitis-explorer.inrae.fr:id/scientific-object/so-pu_30431"	"30431"	NA	"vocabulary:Plot"	"Parcelle Unitaire"	NA	NA
"vitis-explorer:id/experiment/expetest_viti"	"ExpeTest_Viti"	"vitis-explorer.inrae.fr:id/scientific-object/so-pu_30432"	"30432"	NA	"vocabulary:Plot"	"Parcelle Unitaire"	NA	NA
"vitis-explorer:id/experiment/expetest_viti"	"ExpeTest_Viti"	"vitis-explorer.inrae.fr:id/scientific-object/so-pu_30433"	"30433"	NA	"vocabulary:Plot"	"Parcelle Unitaire"	NA	NA
"vitis-explorer:id/experiment/expetest_viti"	"ExpeTest_Viti"	"vitis-explorer.inrae.fr:id/scientific-object/so-pu_30434"	"30434"	NA	"vocabulary:Plot"	"Parcelle Unitaire"	NA	NA
"vitis-explorer:id/experiment/expetest_viti"	"ExpeTest_Viti"	"vitis-explorer.inrae.fr:id/scientific-object/so-pu_30435"	"30435"	NA	"vocabulary:Plot"	"Parcelle Unitaire"	NA	NA
"vitis-explorer:id/experiment/expetest_viti"	"ExpeTest_Viti"	"vitis-explorer.inrae.fr:id/scientific-object/so-pu_30436"	"30436"	NA	"vocabulary:Plot"	"Parcelle Unitaire"	NA	NA
"vitis-explorer:id/experiment/expetest_viti"	"ExpeTest_Viti"	"vitis-explorer.inrae.fr:id/scientific-object/so-pu_30437"	"30437"	NA	"vocabulary:Plot"	"Parcelle Unitaire"	NA	NA
"vitis-explorer:id/experiment/expetest_viti"	"ExpeTest_Viti"	"vitis-explorer.inrae.fr:id/scientific-object/so-pu_30438"	"30438"	NA	"vocabulary:Plot"	"Parcelle Unitaire"	NA	NA
"vitis-explorer:id/experiment/expetest_viti"	"ExpeTest_Viti"	"vitis-explorer.inrae.fr:id/scientific-object/so-pu_30439"	"30439"	NA	"vocabulary:Plot"	"Parcelle Unitaire"	NA	NA
"vitis-explorer:id/experiment/expetest_viti"	"ExpeTest_Viti"	"vitis-explorer.inrae.fr:id/scientific-object/so-pu_30440"	"30440"	NA	"vocabulary:Plot"	"Parcelle Unitaire"	NA	NA
"vitis-explorer:id/experiment/expetest_viti"	"ExpeTest_Viti"	"vitis-explorer.inrae.fr:id/scientific-object/so-pu_30441"	"30441"	NA	"vocabulary:Plot"	"Parcelle Unitaire"	NA	NA
"vitis-explorer:id/experiment/expetest_viti"	"ExpeTest_Viti"	"vitis-explorer.inrae.fr:id/scientific-object/so-pu_30442"	"30442"	NA	"vocabulary:Plot"	"Parcelle Unitaire"	NA	NA
"vitis-explorer:id/experiment/expetest_viti"	"ExpeTest_Viti"	"vitis-explorer.inrae.fr:id/scientific-object/so-pu_30443"	"30443"	NA	"vocabulary:Plot"	"Parcelle Unitaire"	NA	NA
"vitis-explorer:id/experiment/expetest_viti"	"ExpeTest_Viti"	"vitis-explorer.inrae.fr:id/scientific-object/so-pu_30444"	"30444"	NA	"vocabulary:Plot"	"Parcelle Unitaire"	NA	NA
"vitis-explorer:id/experiment/expetest_viti"	"ExpeTest_Viti"	"vitis-explorer.inrae.fr:id/scientific-object/so-pu_30445"	"30445"	NA	"vocabulary:Plot"	"Parcelle Unitaire"	NA	NA
"vitis-explorer:id/experiment/expetest_viti"	"ExpeTest_Viti"	"vitis-explorer.inrae.fr:id/scientific-object/so-pu_30446"	"30446"	NA	"vocabulary:Plot"	"Parcelle Unitaire"	NA	NA
"vitis-explorer:id/experiment/expetest_viti"	"ExpeTest_Viti"	"vitis-explorer.inrae.fr:id/scientific-object/so-pu_30447"	"30447"	NA	"vocabulary:Plot"	"Parcelle Unitaire"	NA	NA
"vitis-explorer:id/experiment/expetest_viti"	"ExpeTest_Viti"	"vitis-explorer.inrae.fr:id/scientific-object/so-pu_30448"	"30448"	NA	"vocabulary:Plot"	"Parcelle Unitaire"	NA	NA
"vitis-explorer:id/experiment/expetest_viti"	"ExpeTest_Viti"	"vitis-explorer.inrae.fr:id/scientific-object/so-pu_30449"	"30449"	NA	"vocabulary:Plot"	"Parcelle Unitaire"	NA	NA
"vitis-explorer:id/experiment/expetest_viti"	"ExpeTest_Viti"	"vitis-explorer.inrae.fr:id/scientific-object/so-pu_30450"	"30450"	NA	"vocabulary:Plot"	"Parcelle Unitaire"	NA	NA
"vitis-explorer:id/experiment/expetest_viti"	"ExpeTest_Viti"	"vitis-explorer.inrae.fr:id/scientific-object/so-pu_30451"	"30451"	NA	"vocabulary:Plot"	"Parcelle Unitaire"	NA	NA
"vitis-explorer:id/experiment/expetest_viti"	"ExpeTest_Viti"	"vitis-explorer.inrae.fr:id/scientific-object/so-pu_30452"	"30452"	NA	"vocabulary:Plot"	"Parcelle Unitaire"	NA	NA
"vitis-explorer:id/experiment/expetest_viti"	"ExpeTest_Viti"	"vitis-explorer.inrae.fr:id/scientific-object/so-pu_30453"	"30453"	NA	"vocabulary:Plot"	"Parcelle Unitaire"	NA	NA
"vitis-explorer:id/experiment/expetest_viti"	"ExpeTest_Viti"	"vitis-explorer.inrae.fr:id/scientific-object/so-pu_30454"	"30454"	NA	"vocabulary:Plot"	"Parcelle Unitaire"	NA	NA
"vitis-explorer:id/experiment/expetest_viti"	"ExpeTest_Viti"	"vitis-explorer.inrae.fr:id/scientific-object/so-pu_30455"	"30455"	NA	"vocabulary:Plot"	"Parcelle Unitaire"	NA	NA
"vitis-explorer:id/experiment/expetest_viti"	"ExpeTest_Viti"	"vitis-explorer.inrae.fr:id/scientific-object/so-pu_30456"	"30456"	NA	"vocabulary:Plot"	"Parcelle Unitaire"	NA	NA
"vitis-explorer:id/experiment/expetest_viti"	"ExpeTest_Viti"	"vitis-explorer.inrae.fr:id/scientific-object/so-pu_30457"	"30457"	NA	"vocabulary:Plot"	"Parcelle Unitaire"	NA	NA
"vitis-explorer:id/experiment/expetest_viti"	"ExpeTest_Viti"	"vitis-explorer.inrae.fr:id/scientific-object/so-pu_30458"	"30458"	NA	"vocabulary:Plot"	"Parcelle Unitaire"	NA	NA
"vitis-explorer:id/experiment/expetest_viti"	"ExpeTest_Viti"	"vitis-explorer.inrae.fr:id/scientific-object/so-pu_30459"	"30459"	NA	"vocabulary:Plot"	"Parcelle Unitaire"	NA	NA
"vitis-explorer:id/experiment/expetest_viti"	"ExpeTest_Viti"	"vitis-explorer.inrae.fr:id/scientific-object/so-pu_30460"	"30460"	NA	"vocabulary:Plot"	"Parcelle Unitaire"	NA	NA
"vitis-explorer:id/experiment/expetest_viti"	"ExpeTest_Viti"	"vitis-explorer.inrae.fr:id/scientific-object/so-pu_30461"	"30461"	NA	"vocabulary:Plot"	"Parcelle Unitaire"	NA	NA
"vitis-explorer:id/experiment/expetest_viti"	"ExpeTest_Viti"	"vitis-explorer.inrae.fr:id/scientific-object/so-pu_30462"	"30462"	NA	"vocabulary:Plot"	"Parcelle Unitaire"	NA	NA
"vitis-explorer:id/experiment/expetest_viti"	"ExpeTest_Viti"	"vitis-explorer.inrae.fr:id/scientific-object/so-pu_30463"	"30463"	NA	"vocabulary:Plot"	"Parcelle Unitaire"	NA	NA
"vitis-explorer:id/experiment/expetest_viti"	"ExpeTest_Viti"	"vitis-explorer.inrae.fr:id/scientific-object/so-pu_30464"	"30464"	NA	"vocabulary:Plot"	"Parcelle Unitaire"	NA	NA
"vitis-explorer:id/experiment/expetest_viti"	"ExpeTest_Viti"	"vitis-explorer.inrae.fr:id/scientific-object/so-pu_30465"	"30465"	NA	"vocabulary:Plot"	"Parcelle Unitaire"	NA	NA
"vitis-explorer:id/experiment/expetest_viti"	"ExpeTest_Viti"	"vitis-explorer.inrae.fr:id/scientific-object/so-pu_30466"	"30466"	NA	"vocabulary:Plot"	"Parcelle Unitaire"	NA	NA
"vitis-explorer:id/experiment/expetest_viti"	"ExpeTest_Viti"	"vitis-explorer.inrae.fr:id/scientific-object/so-pu_30467"	"30467"	NA	"vocabulary:Plot"	"Parcelle Unitaire"	NA	NA
"vitis-explorer:id/experiment/expetest_viti"	"ExpeTest_Viti"	"vitis-explorer.inrae.fr:id/scientific-object/so-pu_30468"	"30468"	NA	"vocabulary:Plot"	"Parcelle Unitaire"	NA	NA
"vitis-explorer:id/experiment/expetest_viti"	"ExpeTest_Viti"	"vitis-explorer.inrae.fr:id/scientific-object/so-pu_30469"	"30469"	NA	"vocabulary:Plot"	"Parcelle Unitaire"	NA	NA
"vitis-explorer:id/experiment/expetest_viti"	"ExpeTest_Viti"	"vitis-explorer.inrae.fr:id/scientific-object/so-pu_30470"	"30470"	NA	"vocabulary:Plot"	"Parcelle Unitaire"	NA	NA
"vitis-explorer:id/experiment/expetest_viti"	"ExpeTest_Viti"	"vitis-explorer.inrae.fr:id/scientific-object/so-pu_30471"	"30471"	NA	"vocabulary:Plot"	"Parcelle Unitaire"	NA	NA
"vitis-explorer:id/experiment/expetest_viti"	"ExpeTest_Viti"	"vitis-explorer.inrae.fr:id/scientific-object/so-pu_30473"	"30473"	NA	"vocabulary:Plot"	"Parcelle Unitaire"	NA	NA
"vitis-explorer:id/experiment/expetest_viti"	"ExpeTest_Viti"	"vitis-explorer.inrae.fr:id/scientific-object/so-pu_30474"	"30474"	NA	"vocabulary:Plot"	"Parcelle Unitaire"	NA	NA
"vitis-explorer:id/experiment/expetest_viti"	"ExpeTest_Viti"	"vitis-explorer.inrae.fr:id/scientific-object/so-pu_30516"	"30516"	NA	"vocabulary:Plot"	"Parcelle Unitaire"	NA	NA
"vitis-explorer:id/experiment/expetest_viti"	"ExpeTest_Viti"	"vitis-explorer.inrae.fr:id/scientific-object/so-pu_30519"	"30519"	NA	"vocabulary:Plot"	"Parcelle Unitaire"	NA	NA
"vitis-explorer:id/experiment/expetest_viti"	"ExpeTest_Viti"	"vitis-explorer.inrae.fr:id/scientific-object/so-pu_30562"	"30562"	NA	"vocabulary:Plot"	"Parcelle Unitaire"	NA	NA
"vitis-explorer:id/experiment/expetest_viti"	"ExpeTest_Viti"	"vitis-explorer.inrae.fr:id/scientific-object/so-pu_30566"	"30566"	NA	"vocabulary:Plot"	"Parcelle Unitaire"	NA	NA
"vitis-explorer:id/experiment/expetest_viti"	"ExpeTest_Viti"	"vitis-explorer.inrae.fr:id/scientific-object/so-pu_30573"	"30573"	NA	"vocabulary:Plot"	"Parcelle Unitaire"	NA	NA
"vitis-explorer:id/experiment/expetest_viti"	"ExpeTest_Viti"	"vitis-explorer.inrae.fr:id/scientific-object/so-pu_30590"	"30590"	NA	"vocabulary:Plot"	"Parcelle Unitaire"	NA	NA
"vitis-explorer:id/experiment/expetest_viti"	"ExpeTest_Viti"	"vitis-explorer.inrae.fr:id/scientific-object/so-pu_30592"	"30592"	NA	"vocabulary:Plot"	"Parcelle Unitaire"	NA	NA
"vitis-explorer:id/experiment/expetest_viti"	"ExpeTest_Viti"	"vitis-explorer.inrae.fr:id/scientific-object/so-pu_30593"	"30593"	NA	"vocabulary:Plot"	"Parcelle Unitaire"	NA	NA
"vitis-explorer:id/experiment/expetest_viti"	"ExpeTest_Viti"	"vitis-explorer.inrae.fr:id/scientific-object/so-pu_30596"	"30596"	NA	"vocabulary:Plot"	"Parcelle Unitaire"	NA	NA
"vitis-explorer:id/experiment/expetest_viti"	"ExpeTest_Viti"	"vitis-explorer.inrae.fr:id/scientific-object/so-pu_30602"	"30602"	NA	"vocabulary:Plot"	"Parcelle Unitaire"	NA	NA
"vitis-explorer:id/experiment/expetest_viti"	"ExpeTest_Viti"	"vitis-explorer.inrae.fr:id/scientific-object/so-pu_30603"	"30603"	NA	"vocabulary:Plot"	"Parcelle Unitaire"	NA	NA
"vitis-explorer:id/experiment/expetest_viti"	"ExpeTest_Viti"	"vitis-explorer.inrae.fr:id/scientific-object/so-pu_30605"	"30605"	NA	"vocabulary:Plot"	"Parcelle Unitaire"	NA	NA
"vitis-explorer:id/experiment/expetest_viti"	"ExpeTest_Viti"	"vitis-explorer.inrae.fr:id/scientific-object/so-pu_30606"	"30606"	NA	"vocabulary:Plot"	"Parcelle Unitaire"	NA	NA
"vitis-explorer:id/experiment/expetest_viti"	"ExpeTest_Viti"	"vitis-explorer.inrae.fr:id/scientific-object/so-pu_30607"	"30607"	NA	"vocabulary:Plot"	"Parcelle Unitaire"	NA	NA
"vitis-explorer:id/experiment/expetest_viti"	"ExpeTest_Viti"	"vitis-explorer.inrae.fr:id/scientific-object/so-pu_30608"	"30608"	NA	"vocabulary:Plot"	"Parcelle Unitaire"	NA	NA
"vitis-explorer:id/experiment/expetest_viti"	"ExpeTest_Viti"	"vitis-explorer.inrae.fr:id/scientific-object/so-pu_30609"	"30609"	NA	"vocabulary:Plot"	"Parcelle Unitaire"	NA	NA
"vitis-explorer:id/experiment/expetest_viti"	"ExpeTest_Viti"	"vitis-explorer.inrae.fr:id/scientific-object/so-pu_30610"	"30610"	NA	"vocabulary:Plot"	"Parcelle Unitaire"	NA	NA
"vitis-explorer:id/experiment/expetest_viti"	"ExpeTest_Viti"	"vitis-explorer:id/scientific-object/so-so1_placette_test"	"SO1_placette_test"	NA	"vocabulary:Plot"	"Parcelle Unitaire"	NA	NA
"vitis-explorer:id/experiment/expetest_viti"	"ExpeTest_Viti"	"vitis-explorer:id/scientific-object/so-pu_sotest_pu_1"	"SOtest_PU_1"	NA	"vocabulary:Plot"	"Parcelle Unitaire"	NA	NA
"vitis-explorer:id/experiment/expetest_viti"	"ExpeTest_Viti"	"vitis-explorer:id/scientific-object/so-pu_sotest_pu_10"	"SOtest_PU_10"	NA	"vocabulary:Plot"	"Parcelle Unitaire"	NA	NA
"vitis-explorer:id/experiment/expetest_viti"	"ExpeTest_Viti"	"vitis-explorer:id/scientific-object/so-pu_sotest_pu_11"	"SOtest_PU_11"	NA	"vocabulary:Plot"	"Parcelle Unitaire"	NA	NA
"vitis-explorer:id/experiment/expetest_viti"	"ExpeTest_Viti"	"vitis-explorer:id/scientific-object/so-pu_sotest_pu_12"	"SOtest_PU_12"	NA	"vocabulary:Plot"	"Parcelle Unitaire"	NA	NA
"vitis-explorer:id/experiment/expetest_viti"	"ExpeTest_Viti"	"vitis-explorer:id/scientific-object/so-pu_sotest_pu_13"	"SOtest_PU_13"	NA	"vocabulary:Plot"	"Parcelle Unitaire"	NA	NA
"vitis-explorer:id/experiment/expetest_viti"	"ExpeTest_Viti"	"vitis-explorer:id/scientific-object/so-pu_sotest_pu_14"	"SOtest_PU_14"	NA	"vocabulary:Plot"	"Parcelle Unitaire"	NA	NA
"vitis-explorer:id/experiment/expetest_viti"	"ExpeTest_Viti"	"vitis-explorer:id/scientific-object/so-pu_sotest_pu_15"	"SOtest_PU_15"	NA	"vocabulary:Plot"	"Parcelle Unitaire"	NA	NA
"vitis-explorer:id/experiment/expetest_viti"	"ExpeTest_Viti"	"vitis-explorer:id/scientific-object/so-pu_sotest_pu_16"	"SOtest_PU_16"	NA	"vocabulary:Plot"	"Parcelle Unitaire"	NA	NA
"vitis-explorer:id/experiment/expetest_viti"	"ExpeTest_Viti"	"vitis-explorer:id/scientific-object/so-pu_sotest_pu_17"	"SOtest_PU_17"	NA	"vocabulary:Plot"	"Parcelle Unitaire"	NA	NA
"vitis-explorer:id/experiment/expetest_viti"	"ExpeTest_Viti"	"vitis-explorer:id/scientific-object/so-pu_sotest_pu_18"	"SOtest_PU_18"	NA	"vocabulary:Plot"	"Parcelle Unitaire"	NA	NA
"vitis-explorer:id/experiment/expetest_viti"	"ExpeTest_Viti"	"vitis-explorer:id/scientific-object/so-pu_sotest_pu_19"	"SOtest_PU_19"	NA	"vocabulary:Plot"	"Parcelle Unitaire"	NA	NA
"vitis-explorer:id/experiment/expetest_viti"	"ExpeTest_Viti"	"vitis-explorer:id/scientific-object/so-pu_sotest_pu_2"	"SOtest_PU_2"	NA	"vocabulary:Plot"	"Parcelle Unitaire"	NA	NA
"vitis-explorer:id/experiment/expetest_viti"	"ExpeTest_Viti"	"vitis-explorer:id/scientific-object/so-pu_sotest_pu_20"	"SOtest_PU_20"	NA	"vocabulary:Plot"	"Parcelle Unitaire"	NA	NA
"vitis-explorer:id/experiment/expetest_viti"	"ExpeTest_Viti"	"vitis-explorer:id/scientific-object/so-pu_sotest_pu_21"	"SOtest_PU_21"	NA	"vocabulary:Plot"	"Parcelle Unitaire"	NA	NA
"vitis-explorer:id/experiment/expetest_viti"	"ExpeTest_Viti"	"vitis-explorer:id/scientific-object/so-pu_sotest_pu_22"	"SOtest_PU_22"	NA	"vocabulary:Plot"	"Parcelle Unitaire"	NA	NA
"vitis-explorer:id/experiment/expetest_viti"	"ExpeTest_Viti"	"vitis-explorer:id/scientific-object/so-pu_sotest_pu_23"	"SOtest_PU_23"	NA	"vocabulary:Plot"	"Parcelle Unitaire"	NA	NA
"vitis-explorer:id/experiment/expetest_viti"	"ExpeTest_Viti"	"vitis-explorer:id/scientific-object/so-pu_sotest_pu_24"	"SOtest_PU_24"	NA	"vocabulary:Plot"	"Parcelle Unitaire"	NA	NA
"vitis-explorer:id/experiment/expetest_viti"	"ExpeTest_Viti"	"vitis-explorer:id/scientific-object/so-pu_sotest_pu_25"	"SOtest_PU_25"	NA	"vocabulary:Plot"	"Parcelle Unitaire"	NA	NA
"vitis-explorer:id/experiment/expetest_viti"	"ExpeTest_Viti"	"vitis-explorer:id/scientific-object/so-pu_sotest_pu_26"	"SOtest_PU_26"	NA	"vocabulary:Plot"	"Parcelle Unitaire"	NA	NA
"vitis-explorer:id/experiment/expetest_viti"	"ExpeTest_Viti"	"vitis-explorer:id/scientific-object/so-pu_sotest_pu_27"	"SOtest_PU_27"	NA	"vocabulary:Plot"	"Parcelle Unitaire"	NA	NA
"vitis-explorer:id/experiment/expetest_viti"	"ExpeTest_Viti"	"vitis-explorer:id/scientific-object/so-pu_sotest_pu_28"	"SOtest_PU_28"	NA	"vocabulary:Plot"	"Parcelle Unitaire"	NA	NA
"vitis-explorer:id/experiment/expetest_viti"	"ExpeTest_Viti"	"vitis-explorer:id/scientific-object/so-pu_sotest_pu_29"	"SOtest_PU_29"	NA	"vocabulary:Plot"	"Parcelle Unitaire"	NA	NA
"vitis-explorer:id/experiment/expetest_viti"	"ExpeTest_Viti"	"vitis-explorer:id/scientific-object/so-pu_sotest_pu_3"	"SOtest_PU_3"	NA	"vocabulary:Plot"	"Parcelle Unitaire"	NA	NA
"vitis-explorer:id/experiment/expetest_viti"	"ExpeTest_Viti"	"vitis-explorer:id/scientific-object/so-pu_sotest_pu_30"	"SOtest_PU_30"	NA	"vocabulary:Plot"	"Parcelle Unitaire"	NA	NA
"vitis-explorer:id/experiment/expetest_viti"	"ExpeTest_Viti"	"vitis-explorer:id/scientific-object/so-pu_sotest_pu_31"	"SOtest_PU_31"	NA	"vocabulary:Plot"	"Parcelle Unitaire"	NA	NA
"vitis-explorer:id/experiment/expetest_viti"	"ExpeTest_Viti"	"vitis-explorer:id/scientific-object/so-pu_sotest_pu_32"	"SOtest_PU_32"	NA	"vocabulary:Plot"	"Parcelle Unitaire"	NA	NA
"vitis-explorer:id/experiment/expetest_viti"	"ExpeTest_Viti"	"vitis-explorer:id/scientific-object/so-pu_sotest_pu_33"	"SOtest_PU_33"	NA	"vocabulary:Plot"	"Parcelle Unitaire"	NA	NA
"vitis-explorer:id/experiment/expetest_viti"	"ExpeTest_Viti"	"vitis-explorer:id/scientific-object/so-pu_sotest_pu_34"	"SOtest_PU_34"	NA	"vocabulary:Plot"	"Parcelle Unitaire"	NA	NA
"vitis-explorer:id/experiment/expetest_viti"	"ExpeTest_Viti"	"vitis-explorer:id/scientific-object/so-pu_sotest_pu_35"	"SOtest_PU_35"	NA	"vocabulary:Plot"	"Parcelle Unitaire"	NA	NA
"vitis-explorer:id/experiment/expetest_viti"	"ExpeTest_Viti"	"vitis-explorer:id/scientific-object/so-pu_sotest_pu_36"	"SOtest_PU_36"	NA	"vocabulary:Plot"	"Parcelle Unitaire"	NA	NA
"vitis-explorer:id/experiment/expetest_viti"	"ExpeTest_Viti"	"vitis-explorer:id/scientific-object/so-pu_sotest_pu_37"	"SOtest_PU_37"	NA	"vocabulary:Plot"	"Parcelle Unitaire"	NA	NA
"vitis-explorer:id/experiment/expetest_viti"	"ExpeTest_Viti"	"vitis-explorer:id/scientific-object/so-pu_sotest_pu_38"	"SOtest_PU_38"	NA	"vocabulary:Plot"	"Parcelle Unitaire"	NA	NA
"vitis-explorer:id/experiment/expetest_viti"	"ExpeTest_Viti"	"vitis-explorer:id/scientific-object/so-pu_sotest_pu_39"	"SOtest_PU_39"	NA	"vocabulary:Plot"	"Parcelle Unitaire"	NA	NA
"vitis-explorer:id/experiment/expetest_viti"	"ExpeTest_Viti"	"vitis-explorer:id/scientific-object/so-pu_sotest_pu_4"	"SOtest_PU_4"	NA	"vocabulary:Plot"	"Parcelle Unitaire"	NA	NA
"vitis-explorer:id/experiment/expetest_viti"	"ExpeTest_Viti"	"vitis-explorer:id/scientific-object/so-pu_sotest_pu_40"	"SOtest_PU_40"	NA	"vocabulary:Plot"	"Parcelle Unitaire"	NA	NA
"vitis-explorer:id/experiment/expetest_viti"	"ExpeTest_Viti"	"vitis-explorer:id/scientific-object/so-pu_sotest_pu_41"	"SOtest_PU_41"	NA	"vocabulary:Plot"	"Parcelle Unitaire"	NA	NA
"vitis-explorer:id/experiment/expetest_viti"	"ExpeTest_Viti"	"vitis-explorer:id/scientific-object/so-pu_sotest_pu_42"	"SOtest_PU_42"	NA	"vocabulary:Plot"	"Parcelle Unitaire"	NA	NA
"vitis-explorer:id/experiment/expetest_viti"	"ExpeTest_Viti"	"vitis-explorer:id/scientific-object/so-pu_sotest_pu_43"	"SOtest_PU_43"	NA	"vocabulary:Plot"	"Parcelle Unitaire"	NA	NA
"vitis-explorer:id/experiment/expetest_viti"	"ExpeTest_Viti"	"vitis-explorer:id/scientific-object/so-pu_sotest_pu_44"	"SOtest_PU_44"	NA	"vocabulary:Plot"	"Parcelle Unitaire"	NA	NA
"vitis-explorer:id/experiment/expetest_viti"	"ExpeTest_Viti"	"vitis-explorer:id/scientific-object/so-pu_sotest_pu_45"	"SOtest_PU_45"	NA	"vocabulary:Plot"	"Parcelle Unitaire"	NA	NA
"vitis-explorer:id/experiment/expetest_viti"	"ExpeTest_Viti"	"vitis-explorer:id/scientific-object/so-pu_sotest_pu_46"	"SOtest_PU_46"	NA	"vocabulary:Plot"	"Parcelle Unitaire"	NA	NA
"vitis-explorer:id/experiment/expetest_viti"	"ExpeTest_Viti"	"vitis-explorer:id/scientific-object/so-pu_sotest_pu_47"	"SOtest_PU_47"	NA	"vocabulary:Plot"	"Parcelle Unitaire"	NA	NA
"vitis-explorer:id/experiment/expetest_viti"	"ExpeTest_Viti"	"vitis-explorer:id/scientific-object/so-pu_sotest_pu_48"	"SOtest_PU_48"	NA	"vocabulary:Plot"	"Parcelle Unitaire"	NA	NA
"vitis-explorer:id/experiment/expetest_viti"	"ExpeTest_Viti"	"vitis-explorer:id/scientific-object/so-pu_sotest_pu_49"	"SOtest_PU_49"	NA	"vocabulary:Plot"	"Parcelle Unitaire"	NA	NA
"vitis-explorer:id/experiment/expetest_viti"	"ExpeTest_Viti"	"vitis-explorer:id/scientific-object/so-pu_sotest_pu_5"	"SOtest_PU_5"	NA	"vocabulary:Plot"	"Parcelle Unitaire"	NA	NA
"vitis-explorer:id/experiment/expetest_viti"	"ExpeTest_Viti"	"vitis-explorer:id/scientific-object/so-pu_sotest_pu_50"	"SOtest_PU_50"	NA	"vocabulary:Plot"	"Parcelle Unitaire"	NA	NA
"vitis-explorer:id/experiment/expetest_viti"	"ExpeTest_Viti"	"vitis-explorer:id/scientific-object/so-pu_sotest_pu_51"	"SOtest_PU_51"	NA	"vocabulary:Plot"	"Parcelle Unitaire"	NA	NA
"vitis-explorer:id/experiment/expetest_viti"	"ExpeTest_Viti"	"vitis-explorer:id/scientific-object/so-pu_sotest_pu_52"	"SOtest_PU_52"	NA	"vocabulary:Plot"	"Parcelle Unitaire"	NA	NA
"vitis-explorer:id/experiment/expetest_viti"	"ExpeTest_Viti"	"vitis-explorer:id/scientific-object/so-pu_sotest_pu_53"	"SOtest_PU_53"	NA	"vocabulary:Plot"	"Parcelle Unitaire"	NA	NA
"vitis-explorer:id/experiment/expetest_viti"	"ExpeTest_Viti"	"vitis-explorer:id/scientific-object/so-pu_sotest_pu_54"	"SOtest_PU_54"	NA	"vocabulary:Plot"	"Parcelle Unitaire"	NA	NA
"vitis-explorer:id/experiment/expetest_viti"	"ExpeTest_Viti"	"vitis-explorer:id/scientific-object/so-pu_sotest_pu_55"	"SOtest_PU_55"	NA	"vocabulary:Plot"	"Parcelle Unitaire"	NA	NA
"vitis-explorer:id/experiment/expetest_viti"	"ExpeTest_Viti"	"vitis-explorer:id/scientific-object/so-pu_sotest_pu_56"	"SOtest_PU_56"	NA	"vocabulary:Plot"	"Parcelle Unitaire"	NA	NA
"vitis-explorer:id/experiment/expetest_viti"	"ExpeTest_Viti"	"vitis-explorer:id/scientific-object/so-pu_sotest_pu_57"	"SOtest_PU_57"	NA	"vocabulary:Plot"	"Parcelle Unitaire"	NA	NA
"vitis-explorer:id/experiment/expetest_viti"	"ExpeTest_Viti"	"vitis-explorer:id/scientific-object/so-pu_sotest_pu_58"	"SOtest_PU_58"	NA	"vocabulary:Plot"	"Parcelle Unitaire"	NA	NA
"vitis-explorer:id/experiment/expetest_viti"	"ExpeTest_Viti"	"vitis-explorer:id/scientific-object/so-pu_sotest_pu_59"	"SOtest_PU_59"	NA	"vocabulary:Plot"	"Parcelle Unitaire"	NA	NA
"vitis-explorer:id/experiment/expetest_viti"	"ExpeTest_Viti"	"vitis-explorer:id/scientific-object/so-pu_sotest_pu_6"	"SOtest_PU_6"	NA	"vocabulary:Plot"	"Parcelle Unitaire"	NA	NA
"vitis-explorer:id/experiment/expetest_viti"	"ExpeTest_Viti"	"vitis-explorer:id/scientific-object/so-pu_sotest_pu_60"	"SOtest_PU_60"	NA	"vocabulary:Plot"	"Parcelle Unitaire"	NA	NA
"vitis-explorer:id/experiment/expetest_viti"	"ExpeTest_Viti"	"vitis-explorer:id/scientific-object/so-pu_sotest_pu_61"	"SOtest_PU_61"	NA	"vocabulary:Plot"	"Parcelle Unitaire"	NA	NA
"vitis-explorer:id/experiment/expetest_viti"	"ExpeTest_Viti"	"vitis-explorer:id/scientific-object/so-pu_sotest_pu_62"	"SOtest_PU_62"	NA	"vocabulary:Plot"	"Parcelle Unitaire"	NA	NA
"vitis-explorer:id/experiment/expetest_viti"	"ExpeTest_Viti"	"vitis-explorer:id/scientific-object/so-pu_sotest_pu_63"	"SOtest_PU_63"	NA	"vocabulary:Plot"	"Parcelle Unitaire"	NA	NA
"vitis-explorer:id/experiment/expetest_viti"	"ExpeTest_Viti"	"vitis-explorer:id/scientific-object/so-pu_sotest_pu_64"	"SOtest_PU_64"	NA	"vocabulary:Plot"	"Parcelle Unitaire"	NA	NA
"vitis-explorer:id/experiment/expetest_viti"	"ExpeTest_Viti"	"vitis-explorer:id/scientific-object/so-pu_sotest_pu_65"	"SOtest_PU_65"	NA	"vocabulary:Plot"	"Parcelle Unitaire"	NA	NA
"vitis-explorer:id/experiment/expetest_viti"	"ExpeTest_Viti"	"vitis-explorer:id/scientific-object/so-pu_sotest_pu_66"	"SOtest_PU_66"	NA	"vocabulary:Plot"	"Parcelle Unitaire"	NA	NA
"vitis-explorer:id/experiment/expetest_viti"	"ExpeTest_Viti"	"vitis-explorer:id/scientific-object/so-pu_sotest_pu_67"	"SOtest_PU_67"	NA	"vocabulary:Plot"	"Parcelle Unitaire"	NA	NA
"vitis-explorer:id/experiment/expetest_viti"	"ExpeTest_Viti"	"vitis-explorer:id/scientific-object/so-pu_sotest_pu_68"	"SOtest_PU_68"	NA	"vocabulary:Plot"	"Parcelle Unitaire"	NA	NA
"vitis-explorer:id/experiment/expetest_viti"	"ExpeTest_Viti"	"vitis-explorer:id/scientific-object/so-pu_sotest_pu_69"	"SOtest_PU_69"	NA	"vocabulary:Plot"	"Parcelle Unitaire"	NA	NA
"vitis-explorer:id/experiment/expetest_viti"	"ExpeTest_Viti"	"vitis-explorer:id/scientific-object/so-pu_sotest_pu_7"	"SOtest_PU_7"	NA	"vocabulary:Plot"	"Parcelle Unitaire"	NA	NA
"vitis-explorer:id/experiment/expetest_viti"	"ExpeTest_Viti"	"vitis-explorer:id/scientific-object/so-pu_sotest_pu_70"	"SOtest_PU_70"	NA	"vocabulary:Plot"	"Parcelle Unitaire"	NA	NA
"vitis-explorer:id/experiment/expetest_viti"	"ExpeTest_Viti"	"vitis-explorer:id/scientific-object/so-pu_sotest_pu_71"	"SOtest_PU_71"	NA	"vocabulary:Plot"	"Parcelle Unitaire"	NA	NA
"vitis-explorer:id/experiment/expetest_viti"	"ExpeTest_Viti"	"vitis-explorer:id/scientific-object/so-pu_sotest_pu_72"	"SOtest_PU_72"	NA	"vocabulary:Plot"	"Parcelle Unitaire"	NA	NA
"vitis-explorer:id/experiment/expetest_viti"	"ExpeTest_Viti"	"vitis-explorer:id/scientific-object/so-pu_sotest_pu_73"	"SOtest_PU_73"	NA	"vocabulary:Plot"	"Parcelle Unitaire"	NA	NA
"vitis-explorer:id/experiment/expetest_viti"	"ExpeTest_Viti"	"vitis-explorer:id/scientific-object/so-pu_sotest_pu_8"	"SOtest_PU_8"	NA	"vocabulary:Plot"	"Parcelle Unitaire"	NA	NA
"vitis-explorer:id/experiment/expetest_viti"	"ExpeTest_Viti"	"vitis-explorer:id/scientific-object/so-pu_sotest_pu_9"	"SOtest_PU_9"	NA	"vocabulary:Plot"	"Parcelle Unitaire"	NA	NA
"vitis-explorer:id/experiment/expetest_viti"	"ExpeTest_Viti"	"vitis-explorer.inrae.fr:id/scientific-object/so-pu_test_inrae_resdur_30315"	"Test_INRAE_ResDur_30315"	NA	"vocabulary:Plot"	"Parcelle Unitaire"	NA	NA
"vitis-explorer:id/experiment/expetest_viti"	"ExpeTest_Viti"	"vitis-explorer.inrae.fr:id/scientific-object/so-pu_test_inrae_resdur_30316"	"Test_INRAE_ResDur_30316"	NA	"vocabulary:Plot"	"Parcelle Unitaire"	NA	NA
"vitis-explorer:id/experiment/expetest_viti"	"ExpeTest_Viti"	"vitis-explorer.inrae.fr:id/scientific-object/so-pu_test_inrae_resdur_30317"	"Test_INRAE_ResDur_30317"	NA	"vocabulary:Plot"	"Parcelle Unitaire"	NA	NA
"vitis-explorer:id/experiment/expetest_viti"	"ExpeTest_Viti"	"vitis-explorer.inrae.fr:id/scientific-object/so-pu_test_inrae_resdur_30318"	"Test_INRAE_ResDur_30318"	NA	"vocabulary:Plot"	"Parcelle Unitaire"	NA	NA
"vitis-explorer:id/experiment/expetest_viti"	"ExpeTest_Viti"	"vitis-explorer.inrae.fr:id/scientific-object/so-pu_test_inrae_resdur_30319"	"Test_INRAE_ResDur_30319"	NA	"vocabulary:Plot"	"Parcelle Unitaire"	NA	NA
"vitis-explorer:id/experiment/expetest_viti"	"ExpeTest_Viti"	"vitis-explorer.inrae.fr:id/scientific-object/so-pu_test_inrae_resdur_30320"	"Test_INRAE_ResDur_30320"	NA	"vocabulary:Plot"	"Parcelle Unitaire"	NA	NA
"vitis-explorer:id/experiment/expetest_viti"	"ExpeTest_Viti"	"vitis-explorer.inrae.fr:id/scientific-object/so-pu_test_inrae_resdur_30321"	"Test_INRAE_ResDur_30321"	NA	"vocabulary:Plot"	"Parcelle Unitaire"	NA	NA
"vitis-explorer:id/experiment/expetest_viti"	"ExpeTest_Viti"	"vitis-explorer.inrae.fr:id/scientific-object/so-pu_test_inrae_resdur_30322"	"Test_INRAE_ResDur_30322"	NA	"vocabulary:Plot"	"Parcelle Unitaire"	NA	NA
"vitis-explorer:id/experiment/expetest_viti"	"ExpeTest_Viti"	"vitis-explorer.inrae.fr:id/scientific-object/so-pu_test_inrae_resdur_30323"	"Test_INRAE_ResDur_30323"	NA	"vocabulary:Plot"	"Parcelle Unitaire"	NA	NA
"vitis-explorer:id/experiment/expetest_viti"	"ExpeTest_Viti"	"vitis-explorer.inrae.fr:id/scientific-object/so-pu_test_inrae_resdur_30324"	"Test_INRAE_ResDur_30324"	NA	"vocabulary:Plot"	"Parcelle Unitaire"	NA	NA
"vitis-explorer:id/experiment/expetest_viti"	"ExpeTest_Viti"	"vitis-explorer.inrae.fr:id/scientific-object/so-pu_test_inrae_resdur_30325"	"Test_INRAE_ResDur_30325"	NA	"vocabulary:Plot"	"Parcelle Unitaire"	NA	NA
"vitis-explorer:id/experiment/expetest_viti"	"ExpeTest_Viti"	"vitis-explorer.inrae.fr:id/scientific-object/so-pu_test_inrae_resdur_30326"	"Test_INRAE_ResDur_30326"	NA	"vocabulary:Plot"	"Parcelle Unitaire"	NA	NA
"vitis-explorer:id/experiment/expetest_viti"	"ExpeTest_Viti"	"vitis-explorer.inrae.fr:id/scientific-object/so-pu_test_inrae_resdur_30327"	"Test_INRAE_ResDur_30327"	NA	"vocabulary:Plot"	"Parcelle Unitaire"	NA	NA
"vitis-explorer:id/experiment/expetest_viti"	"ExpeTest_Viti"	"vitis-explorer.inrae.fr:id/scientific-object/so-pu_test_inrae_resdur_30328"	"Test_INRAE_ResDur_30328"	NA	"vocabulary:Plot"	"Parcelle Unitaire"	NA	NA
"vitis-explorer:id/experiment/expetest_viti"	"ExpeTest_Viti"	"vitis-explorer.inrae.fr:id/scientific-object/so-pu_test_inrae_resdur_30329"	"Test_INRAE_ResDur_30329"	NA	"vocabulary:Plot"	"Parcelle Unitaire"	NA	NA
"vitis-explorer:id/experiment/expetest_viti"	"ExpeTest_Viti"	"vitis-explorer.inrae.fr:id/scientific-object/so-pu_test_inrae_resdur_30330"	"Test_INRAE_ResDur_30330"	NA	"vocabulary:Plot"	"Parcelle Unitaire"	NA	NA
"vitis-explorer:id/experiment/expetest_viti"	"ExpeTest_Viti"	"vitis-explorer.inrae.fr:id/scientific-object/so-pu_test_inrae_resdur_30331"	"Test_INRAE_ResDur_30331"	NA	"vocabulary:Plot"	"Parcelle Unitaire"	NA	NA
"vitis-explorer:id/experiment/expetest_viti"	"ExpeTest_Viti"	"vitis-explorer.inrae.fr:id/scientific-object/so-pu_test_inrae_resdur_30332"	"Test_INRAE_ResDur_30332"	NA	"vocabulary:Plot"	"Parcelle Unitaire"	NA	NA
"vitis-explorer:id/experiment/expetest_viti"	"ExpeTest_Viti"	"vitis-explorer.inrae.fr:id/scientific-object/so-pu_test_inrae_resdur_30333"	"Test_INRAE_ResDur_30333"	NA	"vocabulary:Plot"	"Parcelle Unitaire"	NA	NA
"vitis-explorer:id/experiment/expetest_viti"	"ExpeTest_Viti"	"vitis-explorer.inrae.fr:id/scientific-object/so-pu_test_inrae_resdur_30334"	"Test_INRAE_ResDur_30334"	NA	"vocabulary:Plot"	"Parcelle Unitaire"	NA	NA
"vitis-explorer:id/experiment/expetest_viti"	"ExpeTest_Viti"	"vitis-explorer.inrae.fr:id/scientific-object/so-pu_test_inrae_resdur_30335"	"Test_INRAE_ResDur_30335"	NA	"vocabulary:Plot"	"Parcelle Unitaire"	NA	NA
"vitis-explorer:id/experiment/expetest_viti"	"ExpeTest_Viti"	"vitis-explorer.inrae.fr:id/scientific-object/so-pu_test_inrae_resdur_30336"	"Test_INRAE_ResDur_30336"	NA	"vocabulary:Plot"	"Parcelle Unitaire"	NA	NA
"vitis-explorer:id/experiment/expetest_viti"	"ExpeTest_Viti"	"vitis-explorer.inrae.fr:id/scientific-object/so-pu_test_inrae_resdur_30337"	"Test_INRAE_ResDur_30337"	NA	"vocabulary:Plot"	"Parcelle Unitaire"	NA	NA
"vitis-explorer:id/experiment/expetest_viti"	"ExpeTest_Viti"	"vitis-explorer.inrae.fr:id/scientific-object/so-pu_test_inrae_resdur_30338"	"Test_INRAE_ResDur_30338"	NA	"vocabulary:Plot"	"Parcelle Unitaire"	NA	NA
"vitis-explorer:id/experiment/expetest_viti"	"ExpeTest_Viti"	"vitis-explorer.inrae.fr:id/scientific-object/so-pu_test_inrae_resdur_30339"	"Test_INRAE_ResDur_30339"	NA	"vocabulary:Plot"	"Parcelle Unitaire"	NA	NA
"vitis-explorer:id/experiment/expetest_viti"	"ExpeTest_Viti"	"vitis-explorer.inrae.fr:id/scientific-object/so-pu_test_inrae_resdur_30340"	"Test_INRAE_ResDur_30340"	NA	"vocabulary:Plot"	"Parcelle Unitaire"	NA	NA
"vitis-explorer:id/experiment/expetest_viti"	"ExpeTest_Viti"	"vitis-explorer.inrae.fr:id/scientific-object/so-pu_test_inrae_resdur_30341"	"Test_INRAE_ResDur_30341"	NA	"vocabulary:Plot"	"Parcelle Unitaire"	NA	NA
"vitis-explorer:id/experiment/expetest_viti"	"ExpeTest_Viti"	"vitis-explorer.inrae.fr:id/scientific-object/so-pu_test_inrae_resdur_30342"	"Test_INRAE_ResDur_30342"	NA	"vocabulary:Plot"	"Parcelle Unitaire"	NA	NA
"vitis-explorer:id/experiment/expetest_viti"	"ExpeTest_Viti"	"vitis-explorer.inrae.fr:id/scientific-object/so-pu_test_inrae_resdur_30343"	"Test_INRAE_ResDur_30343"	NA	"vocabulary:Plot"	"Parcelle Unitaire"	NA	NA
"vitis-explorer:id/experiment/expetest_viti"	"ExpeTest_Viti"	"vitis-explorer.inrae.fr:id/scientific-object/so-pu_test_inrae_resdur_30344"	"Test_INRAE_ResDur_30344"	NA	"vocabulary:Plot"	"Parcelle Unitaire"	NA	NA
"vitis-explorer:id/experiment/expetest_viti"	"ExpeTest_Viti"	"vitis-explorer.inrae.fr:id/scientific-object/so-pu_test_inrae_resdur_30345"	"Test_INRAE_ResDur_30345"	NA	"vocabulary:Plot"	"Parcelle Unitaire"	NA	NA
"vitis-explorer:id/experiment/expetest_viti"	"ExpeTest_Viti"	"vitis-explorer.inrae.fr:id/scientific-object/so-pu_test_inrae_resdur_30346"	"Test_INRAE_ResDur_30346"	NA	"vocabulary:Plot"	"Parcelle Unitaire"	NA	NA
"vitis-explorer:id/experiment/expetest_viti"	"ExpeTest_Viti"	"vitis-explorer.inrae.fr:id/scientific-object/so-pu_test_inrae_resdur_30347"	"Test_INRAE_ResDur_30347"	NA	"vocabulary:Plot"	"Parcelle Unitaire"	NA	NA
"vitis-explorer:id/experiment/expetest_viti"	"ExpeTest_Viti"	"vitis-explorer.inrae.fr:id/scientific-object/so-pu_test_inrae_resdur_30348"	"Test_INRAE_ResDur_30348"	NA	"vocabulary:Plot"	"Parcelle Unitaire"	NA	NA
"vitis-explorer:id/experiment/expetest_viti"	"ExpeTest_Viti"	"vitis-explorer.inrae.fr:id/scientific-object/so-pu_test_inrae_resdur_30349"	"Test_INRAE_ResDur_30349"	NA	"vocabulary:Plot"	"Parcelle Unitaire"	NA	NA
"vitis-explorer:id/experiment/expetest_viti"	"ExpeTest_Viti"	"vitis-explorer.inrae.fr:id/scientific-object/so-pu_test_inrae_resdur_30350"	"Test_INRAE_ResDur_30350"	NA	"vocabulary:Plot"	"Parcelle Unitaire"	NA	NA
"vitis-explorer:id/experiment/expetest_viti"	"ExpeTest_Viti"	"vitis-explorer.inrae.fr:id/scientific-object/so-pu_test_inrae_resdur_30351"	"Test_INRAE_ResDur_30351"	NA	"vocabulary:Plot"	"Parcelle Unitaire"	NA	NA
"vitis-explorer:id/experiment/expetest_viti"	"ExpeTest_Viti"	"vitis-explorer.inrae.fr:id/scientific-object/so-pu_test_inrae_resdur_30352"	"Test_INRAE_ResDur_30352"	NA	"vocabulary:Plot"	"Parcelle Unitaire"	NA	NA
"vitis-explorer:id/experiment/expetest_viti"	"ExpeTest_Viti"	"vitis-explorer.inrae.fr:id/scientific-object/so-pu_test_inrae_resdur_30353"	"Test_INRAE_ResDur_30353"	NA	"vocabulary:Plot"	"Parcelle Unitaire"	NA	NA
"vitis-explorer:id/experiment/expetest_viti"	"ExpeTest_Viti"	"vitis-explorer.inrae.fr:id/scientific-object/so-pu_test_inrae_resdur_30354"	"Test_INRAE_ResDur_30354"	NA	"vocabulary:Plot"	"Parcelle Unitaire"	NA	NA
"vitis-explorer:id/experiment/expetest_viti"	"ExpeTest_Viti"	"vitis-explorer.inrae.fr:id/scientific-object/so-pu_test_inrae_resdur_30355"	"Test_INRAE_ResDur_30355"	NA	"vocabulary:Plot"	"Parcelle Unitaire"	NA	NA
"vitis-explorer:id/experiment/expetest_viti"	"ExpeTest_Viti"	"vitis-explorer.inrae.fr:id/scientific-object/so-pu_test_inrae_resdur_30356"	"Test_INRAE_ResDur_30356"	NA	"vocabulary:Plot"	"Parcelle Unitaire"	NA	NA
"vitis-explorer:id/experiment/expetest_viti"	"ExpeTest_Viti"	"vitis-explorer.inrae.fr:id/scientific-object/so-pu_test_inrae_resdur_30357"	"Test_INRAE_ResDur_30357"	NA	"vocabulary:Plot"	"Parcelle Unitaire"	NA	NA
"vitis-explorer:id/experiment/expetest_viti"	"ExpeTest_Viti"	"vitis-explorer.inrae.fr:id/scientific-object/so-pu_test_inrae_resdur_30358"	"Test_INRAE_ResDur_30358"	NA	"vocabulary:Plot"	"Parcelle Unitaire"	NA	NA
"vitis-explorer:id/experiment/expetest_viti"	"ExpeTest_Viti"	"vitis-explorer.inrae.fr:id/scientific-object/so-pu_test_inrae_resdur_30359"	"Test_INRAE_ResDur_30359"	NA	"vocabulary:Plot"	"Parcelle Unitaire"	NA	NA
"vitis-explorer:id/experiment/expetest_viti"	"ExpeTest_Viti"	"vitis-explorer.inrae.fr:id/scientific-object/so-pu_test_inrae_resdur_30360"	"Test_INRAE_ResDur_30360"	NA	"vocabulary:Plot"	"Parcelle Unitaire"	NA	NA
"vitis-explorer:id/experiment/expetest_viti"	"ExpeTest_Viti"	"vitis-explorer.inrae.fr:id/scientific-object/so-pu_test_inrae_resdur_30361"	"Test_INRAE_ResDur_30361"	NA	"vocabulary:Plot"	"Parcelle Unitaire"	NA	NA
"vitis-explorer:id/experiment/expetest_viti"	"ExpeTest_Viti"	"vitis-explorer.inrae.fr:id/scientific-object/so-pu_test_inrae_resdur_30362"	"Test_INRAE_ResDur_30362"	NA	"vocabulary:Plot"	"Parcelle Unitaire"	NA	NA
"vitis-explorer:id/experiment/expetest_viti"	"ExpeTest_Viti"	"vitis-explorer.inrae.fr:id/scientific-object/so-pu_test_inrae_resdur_30363"	"Test_INRAE_ResDur_30363"	NA	"vocabulary:Plot"	"Parcelle Unitaire"	NA	NA
"vitis-explorer:id/experiment/expetest_viti"	"ExpeTest_Viti"	"vitis-explorer.inrae.fr:id/scientific-object/so-pu_test_inrae_resdur_30364"	"Test_INRAE_ResDur_30364"	NA	"vocabulary:Plot"	"Parcelle Unitaire"	NA	NA
"vitis-explorer:id/experiment/expetest_viti"	"ExpeTest_Viti"	"vitis-explorer.inrae.fr:id/scientific-object/so-pu_test_inrae_resdur_30365"	"Test_INRAE_ResDur_30365"	NA	"vocabulary:Plot"	"Parcelle Unitaire"	NA	NA
"vitis-explorer:id/experiment/expetest_viti"	"ExpeTest_Viti"	"vitis-explorer.inrae.fr:id/scientific-object/so-pu_test_inrae_resdur_30366"	"Test_INRAE_ResDur_30366"	NA	"vocabulary:Plot"	"Parcelle Unitaire"	NA	NA
"vitis-explorer:id/experiment/expetest_viti"	"ExpeTest_Viti"	"vitis-explorer.inrae.fr:id/scientific-object/so-pu_test_inrae_resdur_30367"	"Test_INRAE_ResDur_30367"	NA	"vocabulary:Plot"	"Parcelle Unitaire"	NA	NA
"vitis-explorer:id/experiment/expetest_viti"	"ExpeTest_Viti"	"vitis-explorer.inrae.fr:id/scientific-object/so-pu_test_inrae_resdur_30368"	"Test_INRAE_ResDur_30368"	NA	"vocabulary:Plot"	"Parcelle Unitaire"	NA	NA
"vitis-explorer:id/experiment/expetest_viti"	"ExpeTest_Viti"	"vitis-explorer.inrae.fr:id/scientific-object/so-pu_test_inrae_resdur_30369"	"Test_INRAE_ResDur_30369"	NA	"vocabulary:Plot"	"Parcelle Unitaire"	NA	NA
"vitis-explorer:id/experiment/expetest_viti"	"ExpeTest_Viti"	"vitis-explorer.inrae.fr:id/scientific-object/so-pu_test_inrae_resdur_30370"	"Test_INRAE_ResDur_30370"	NA	"vocabulary:Plot"	"Parcelle Unitaire"	NA	NA
"vitis-explorer:id/experiment/expetest_viti"	"ExpeTest_Viti"	"vitis-explorer.inrae.fr:id/scientific-object/so-pu_test_inrae_resdur_30371"	"Test_INRAE_ResDur_30371"	NA	"vocabulary:Plot"	"Parcelle Unitaire"	NA	NA
"vitis-explorer:id/experiment/expetest_viti"	"ExpeTest_Viti"	"vitis-explorer.inrae.fr:id/scientific-object/so-pu_test_inrae_resdur_30372"	"Test_INRAE_ResDur_30372"	NA	"vocabulary:Plot"	"Parcelle Unitaire"	NA	NA
"vitis-explorer:id/experiment/expetest_viti"	"ExpeTest_Viti"	"vitis-explorer.inrae.fr:id/scientific-object/so-pu_test_inrae_resdur_30373"	"Test_INRAE_ResDur_30373"	NA	"vocabulary:Plot"	"Parcelle Unitaire"	NA	NA
"vitis-explorer:id/experiment/expetest_viti"	"ExpeTest_Viti"	"vitis-explorer.inrae.fr:id/scientific-object/so-pu_test_inrae_resdur_30374"	"Test_INRAE_ResDur_30374"	NA	"vocabulary:Plot"	"Parcelle Unitaire"	NA	NA
"vitis-explorer:id/experiment/expetest_viti"	"ExpeTest_Viti"	"vitis-explorer.inrae.fr:id/scientific-object/so-pu_test_inrae_resdur_30375"	"Test_INRAE_ResDur_30375"	NA	"vocabulary:Plot"	"Parcelle Unitaire"	NA	NA
"vitis-explorer:id/experiment/expetest_viti"	"ExpeTest_Viti"	"vitis-explorer.inrae.fr:id/scientific-object/so-pu_test_inrae_resdur_30376"	"Test_INRAE_ResDur_30376"	NA	"vocabulary:Plot"	"Parcelle Unitaire"	NA	NA
"vitis-explorer:id/experiment/expetest_viti"	"ExpeTest_Viti"	"vitis-explorer.inrae.fr:id/scientific-object/so-pu_test_inrae_resdur_30377"	"Test_INRAE_ResDur_30377"	NA	"vocabulary:Plot"	"Parcelle Unitaire"	NA	NA
"vitis-explorer:id/experiment/expetest_viti"	"ExpeTest_Viti"	"vitis-explorer.inrae.fr:id/scientific-object/so-pu_test_inrae_resdur_30378"	"Test_INRAE_ResDur_30378"	NA	"vocabulary:Plot"	"Parcelle Unitaire"	NA	NA
"vitis-explorer:id/experiment/expetest_viti"	"ExpeTest_Viti"	"vitis-explorer.inrae.fr:id/scientific-object/so-pu_test_inrae_resdur_30379"	"Test_INRAE_ResDur_30379"	NA	"vocabulary:Plot"	"Parcelle Unitaire"	NA	NA
"vitis-explorer:id/experiment/expetest_viti"	"ExpeTest_Viti"	"vitis-explorer.inrae.fr:id/scientific-object/so-pu_test_inrae_resdur_30380"	"Test_INRAE_ResDur_30380"	NA	"vocabulary:Plot"	"Parcelle Unitaire"	NA	NA
"vitis-explorer:id/experiment/expetest_viti"	"ExpeTest_Viti"	"vitis-explorer.inrae.fr:id/scientific-object/so-pu_test_inrae_resdur_30381"	"Test_INRAE_ResDur_30381"	NA	"vocabulary:Plot"	"Parcelle Unitaire"	NA	NA
"vitis-explorer:id/experiment/expetest_viti"	"ExpeTest_Viti"	"vitis-explorer.inrae.fr:id/scientific-object/so-pu_test_inrae_resdur_30382"	"Test_INRAE_ResDur_30382"	NA	"vocabulary:Plot"	"Parcelle Unitaire"	NA	NA
"vitis-explorer:id/experiment/expetest_viti"	"ExpeTest_Viti"	"vitis-explorer.inrae.fr:id/scientific-object/so-pu_test_inrae_resdur_30383"	"Test_INRAE_ResDur_30383"	NA	"vocabulary:Plot"	"Parcelle Unitaire"	NA	NA
"vitis-explorer:id/experiment/expetest_viti"	"ExpeTest_Viti"	"vitis-explorer.inrae.fr:id/scientific-object/so-pu_test_inrae_resdur_30384"	"Test_INRAE_ResDur_30384"	NA	"vocabulary:Plot"	"Parcelle Unitaire"	NA	NA
"vitis-explorer:id/experiment/expetest_viti"	"ExpeTest_Viti"	"vitis-explorer.inrae.fr:id/scientific-object/so-pu_test_inrae_resdur_30385"	"Test_INRAE_ResDur_30385"	NA	"vocabulary:Plot"	"Parcelle Unitaire"	NA	NA
"vitis-explorer:id/experiment/expetest_viti"	"ExpeTest_Viti"	"vitis-explorer.inrae.fr:id/scientific-object/so-pu_test_inrae_resdur_30386"	"Test_INRAE_ResDur_30386"	NA	"vocabulary:Plot"	"Parcelle Unitaire"	NA	NA
"vitis-explorer:id/experiment/expetest_viti"	"ExpeTest_Viti"	"vitis-explorer.inrae.fr:id/scientific-object/so-pu_test_inrae_resdur_30387"	"Test_INRAE_ResDur_30387"	NA	"vocabulary:Plot"	"Parcelle Unitaire"	NA	NA
"vitis-explorer:id/experiment/expetest_viti"	"ExpeTest_Viti"	"vitis-explorer.inrae.fr:id/scientific-object/so-pu_test_inrae_resdur_30388"	"Test_INRAE_ResDur_30388"	NA	"vocabulary:Plot"	"Parcelle Unitaire"	NA	NA
"vitis-explorer:id/experiment/expetest_viti"	"ExpeTest_Viti"	"vitis-explorer.inrae.fr:id/scientific-object/so-pu_test_inrae_resdur_30389"	"Test_INRAE_ResDur_30389"	NA	"vocabulary:Plot"	"Parcelle Unitaire"	NA	NA
"vitis-explorer:id/experiment/expetest_viti"	"ExpeTest_Viti"	"vitis-explorer.inrae.fr:id/scientific-object/so-pu_test_inrae_resdur_30390"	"Test_INRAE_ResDur_30390"	NA	"vocabulary:Plot"	"Parcelle Unitaire"	NA	NA
"vitis-explorer:id/experiment/expetest_viti"	"ExpeTest_Viti"	"vitis-explorer.inrae.fr:id/scientific-object/so-pu_test_inrae_resdur_30391"	"Test_INRAE_ResDur_30391"	NA	"vocabulary:Plot"	"Parcelle Unitaire"	NA	NA
"vitis-explorer:id/experiment/expetest_viti"	"ExpeTest_Viti"	"vitis-explorer.inrae.fr:id/scientific-object/so-pu_test_inrae_resdur_30392"	"Test_INRAE_ResDur_30392"	NA	"vocabulary:Plot"	"Parcelle Unitaire"	NA	NA
"vitis-explorer:id/experiment/expetest_viti"	"ExpeTest_Viti"	"vitis-explorer.inrae.fr:id/scientific-object/so-pu_test_inrae_resdur_30393"	"Test_INRAE_ResDur_30393"	NA	"vocabulary:Plot"	"Parcelle Unitaire"	NA	NA
"vitis-explorer:id/experiment/expetest_viti"	"ExpeTest_Viti"	"vitis-explorer.inrae.fr:id/scientific-object/so-pu_test_inrae_resdur_30394"	"Test_INRAE_ResDur_30394"	NA	"vocabulary:Plot"	"Parcelle Unitaire"	NA	NA
"vitis-explorer:id/experiment/expetest_viti"	"ExpeTest_Viti"	"vitis-explorer.inrae.fr:id/scientific-object/so-pu_test_inrae_resdur_30395"	"Test_INRAE_ResDur_30395"	NA	"vocabulary:Plot"	"Parcelle Unitaire"	NA	NA
"vitis-explorer:id/experiment/expetest_viti"	"ExpeTest_Viti"	"vitis-explorer.inrae.fr:id/scientific-object/so-pu_test_inrae_resdur_30396"	"Test_INRAE_ResDur_30396"	NA	"vocabulary:Plot"	"Parcelle Unitaire"	NA	NA
"vitis-explorer:id/experiment/expetest_viti"	"ExpeTest_Viti"	"vitis-explorer.inrae.fr:id/scientific-object/so-pu_test_inrae_resdur_30397"	"Test_INRAE_ResDur_30397"	NA	"vocabulary:Plot"	"Parcelle Unitaire"	NA	NA
"vitis-explorer:id/experiment/expetest_viti"	"ExpeTest_Viti"	"vitis-explorer.inrae.fr:id/scientific-object/so-pu_test_inrae_resdur_30398"	"Test_INRAE_ResDur_30398"	NA	"vocabulary:Plot"	"Parcelle Unitaire"	NA	NA
"vitis-explorer:id/experiment/expetest_viti"	"ExpeTest_Viti"	"vitis-explorer.inrae.fr:id/scientific-object/so-pu_test_inrae_resdur_30399"	"Test_INRAE_ResDur_30399"	NA	"vocabulary:Plot"	"Parcelle Unitaire"	NA	NA
"vitis-explorer:id/experiment/expetest_viti"	"ExpeTest_Viti"	"vitis-explorer.inrae.fr:id/scientific-object/so-pu_test_inrae_resdur_30400"	"Test_INRAE_ResDur_30400"	NA	"vocabulary:Plot"	"Parcelle Unitaire"	NA	NA
"vitis-explorer:id/experiment/expetest_viti"	"ExpeTest_Viti"	"vitis-explorer.inrae.fr:id/scientific-object/so-pu_test_inrae_resdur_30401"	"Test_INRAE_ResDur_30401"	NA	"vocabulary:Plot"	"Parcelle Unitaire"	NA	NA
"vitis-explorer:id/experiment/expetest_viti"	"ExpeTest_Viti"	"vitis-explorer.inrae.fr:id/scientific-object/so-pu_test_inrae_resdur_30402"	"Test_INRAE_ResDur_30402"	NA	"vocabulary:Plot"	"Parcelle Unitaire"	NA	NA
"vitis-explorer:id/experiment/expetest_viti"	"ExpeTest_Viti"	"vitis-explorer.inrae.fr:id/scientific-object/so-pu_test_inrae_resdur_30403"	"Test_INRAE_ResDur_30403"	NA	"vocabulary:Plot"	"Parcelle Unitaire"	NA	NA
"vitis-explorer:id/experiment/expetest_viti"	"ExpeTest_Viti"	"vitis-explorer.inrae.fr:id/scientific-object/so-pu_test_inrae_resdur_30404"	"Test_INRAE_ResDur_30404"	NA	"vocabulary:Plot"	"Parcelle Unitaire"	NA	NA
"vitis-explorer:id/experiment/expetest_viti"	"ExpeTest_Viti"	"vitis-explorer.inrae.fr:id/scientific-object/so-pu_test_inrae_resdur_30405"	"Test_INRAE_ResDur_30405"	NA	"vocabulary:Plot"	"Parcelle Unitaire"	NA	NA
"vitis-explorer:id/experiment/expetest_viti"	"ExpeTest_Viti"	"vitis-explorer.inrae.fr:id/scientific-object/so-pu_test_inrae_resdur_30406"	"Test_INRAE_ResDur_30406"	NA	"vocabulary:Plot"	"Parcelle Unitaire"	NA	NA
"vitis-explorer:id/experiment/expetest_viti"	"ExpeTest_Viti"	"vitis-explorer.inrae.fr:id/scientific-object/so-pu_test_inrae_resdur_30407"	"Test_INRAE_ResDur_30407"	NA	"vocabulary:Plot"	"Parcelle Unitaire"	NA	NA
"vitis-explorer:id/experiment/expetest_viti"	"ExpeTest_Viti"	"vitis-explorer.inrae.fr:id/scientific-object/so-pu_test_inrae_resdur_30408"	"Test_INRAE_ResDur_30408"	NA	"vocabulary:Plot"	"Parcelle Unitaire"	NA	NA
"vitis-explorer:id/experiment/expetest_viti"	"ExpeTest_Viti"	"vitis-explorer.inrae.fr:id/scientific-object/so-pu_test_inrae_resdur_30409"	"Test_INRAE_ResDur_30409"	NA	"vocabulary:Plot"	"Parcelle Unitaire"	NA	NA
"vitis-explorer:id/experiment/expetest_viti"	"ExpeTest_Viti"	"vitis-explorer.inrae.fr:id/scientific-object/so-pu_test_inrae_resdur_30410"	"Test_INRAE_ResDur_30410"	NA	"vocabulary:Plot"	"Parcelle Unitaire"	NA	NA
"vitis-explorer:id/experiment/expetest_viti"	"ExpeTest_Viti"	"vitis-explorer.inrae.fr:id/scientific-object/so-pu_test_inrae_resdur_30411"	"Test_INRAE_ResDur_30411"	NA	"vocabulary:Plot"	"Parcelle Unitaire"	NA	NA
"vitis-explorer:id/experiment/expetest_viti"	"ExpeTest_Viti"	"vitis-explorer.inrae.fr:id/scientific-object/so-pu_test_inrae_resdur_30412"	"Test_INRAE_ResDur_30412"	NA	"vocabulary:Plot"	"Parcelle Unitaire"	NA	NA
"vitis-explorer:id/experiment/expetest_viti"	"ExpeTest_Viti"	"vitis-explorer.inrae.fr:id/scientific-object/so-pu_test_inrae_resdur_30413"	"Test_INRAE_ResDur_30413"	NA	"vocabulary:Plot"	"Parcelle Unitaire"	NA	NA
"vitis-explorer:id/experiment/expetest_viti"	"ExpeTest_Viti"	"vitis-explorer.inrae.fr:id/scientific-object/so-pu_test_inrae_resdur_30414"	"Test_INRAE_ResDur_30414"	NA	"vocabulary:Plot"	"Parcelle Unitaire"	NA	NA
"vitis-explorer:id/experiment/expetest_viti"	"ExpeTest_Viti"	"vitis-explorer.inrae.fr:id/scientific-object/so-pu_test_inrae_resdur_30415"	"Test_INRAE_ResDur_30415"	NA	"vocabulary:Plot"	"Parcelle Unitaire"	NA	NA
"vitis-explorer:id/experiment/expetest_viti"	"ExpeTest_Viti"	"vitis-explorer.inrae.fr:id/scientific-object/so-pu_test_inrae_resdur_30416"	"Test_INRAE_ResDur_30416"	NA	"vocabulary:Plot"	"Parcelle Unitaire"	NA	NA
"vitis-explorer:id/experiment/expetest_viti"	"ExpeTest_Viti"	"vitis-explorer.inrae.fr:id/scientific-object/so-pu_test_inrae_resdur_30417"	"Test_INRAE_ResDur_30417"	NA	"vocabulary:Plot"	"Parcelle Unitaire"	NA	NA
"vitis-explorer:id/experiment/expetest_viti"	"ExpeTest_Viti"	"vitis-explorer.inrae.fr:id/scientific-object/so-pu_test_inrae_resdur_30418"	"Test_INRAE_ResDur_30418"	NA	"vocabulary:Plot"	"Parcelle Unitaire"	NA	NA
"vitis-explorer:id/experiment/expetest_viti"	"ExpeTest_Viti"	"vitis-explorer.inrae.fr:id/scientific-object/so-pu_test_inrae_resdur_30419"	"Test_INRAE_ResDur_30419"	NA	"vocabulary:Plot"	"Parcelle Unitaire"	NA	NA
"vitis-explorer:id/experiment/expetest_viti"	"ExpeTest_Viti"	"vitis-explorer.inrae.fr:id/scientific-object/so-pu_test_inrae_resdur_30420"	"Test_INRAE_ResDur_30420"	NA	"vocabulary:Plot"	"Parcelle Unitaire"	NA	NA
"vitis-explorer:id/experiment/expetest_viti"	"ExpeTest_Viti"	"vitis-explorer.inrae.fr:id/scientific-object/so-pu_test_inrae_resdur_30421"	"Test_INRAE_ResDur_30421"	NA	"vocabulary:Plot"	"Parcelle Unitaire"	NA	NA
"vitis-explorer:id/experiment/expetest_viti"	"ExpeTest_Viti"	"vitis-explorer.inrae.fr:id/scientific-object/so-pu_test_inrae_resdur_30422"	"Test_INRAE_ResDur_30422"	NA	"vocabulary:Plot"	"Parcelle Unitaire"	NA	NA
"vitis-explorer:id/experiment/expetest_viti"	"ExpeTest_Viti"	"vitis-explorer.inrae.fr:id/scientific-object/so-pu_test_inrae_resdur_30423"	"Test_INRAE_ResDur_30423"	NA	"vocabulary:Plot"	"Parcelle Unitaire"	NA	NA
"vitis-explorer:id/experiment/expetest_viti"	"ExpeTest_Viti"	"vitis-explorer.inrae.fr:id/scientific-object/so-pu_test_inrae_resdur_30424"	"Test_INRAE_ResDur_30424"	NA	"vocabulary:Plot"	"Parcelle Unitaire"	NA	NA
"vitis-explorer:id/experiment/expetest_viti"	"ExpeTest_Viti"	"vitis-explorer.inrae.fr:id/scientific-object/so-pu_test_inrae_resdur_30425"	"Test_INRAE_ResDur_30425"	NA	"vocabulary:Plot"	"Parcelle Unitaire"	NA	NA
"vitis-explorer:id/experiment/expetest_viti"	"ExpeTest_Viti"	"vitis-explorer.inrae.fr:id/scientific-object/so-pu_test_inrae_resdur_30426"	"Test_INRAE_ResDur_30426"	NA	"vocabulary:Plot"	"Parcelle Unitaire"	NA	NA
"vitis-explorer:id/experiment/expetest_viti"	"ExpeTest_Viti"	"vitis-explorer.inrae.fr:id/scientific-object/so-pu_test_inrae_resdur_30427"	"Test_INRAE_ResDur_30427"	NA	"vocabulary:Plot"	"Parcelle Unitaire"	NA	NA
"vitis-explorer:id/experiment/expetest_viti"	"ExpeTest_Viti"	"vitis-explorer.inrae.fr:id/scientific-object/so-pu_test_inrae_resdur_30428"	"Test_INRAE_ResDur_30428"	NA	"vocabulary:Plot"	"Parcelle Unitaire"	NA	NA
"vitis-explorer:id/experiment/expetest_viti"	"ExpeTest_Viti"	"vitis-explorer.inrae.fr:id/scientific-object/so-pu_test_inrae_resdur_30429"	"Test_INRAE_ResDur_30429"	NA	"vocabulary:Plot"	"Parcelle Unitaire"	NA	NA
"vitis-explorer:id/experiment/expetest_viti"	"ExpeTest_Viti"	"vitis-explorer.inrae.fr:id/scientific-object/so-pu_test_inrae_resdur_30430"	"Test_INRAE_ResDur_30430"	NA	"vocabulary:Plot"	"Parcelle Unitaire"	NA	NA
"vitis-explorer:id/experiment/expetest_viti"	"ExpeTest_Viti"	"vitis-explorer.inrae.fr:id/scientific-object/so-pu_test_inrae_resdur_30431"	"Test_INRAE_ResDur_30431"	NA	"vocabulary:Plot"	"Parcelle Unitaire"	NA	NA
"vitis-explorer:id/experiment/expetest_viti"	"ExpeTest_Viti"	"vitis-explorer.inrae.fr:id/scientific-object/so-pu_test_inrae_resdur_30432"	"Test_INRAE_ResDur_30432"	NA	"vocabulary:Plot"	"Parcelle Unitaire"	NA	NA
"vitis-explorer:id/experiment/expetest_viti"	"ExpeTest_Viti"	"vitis-explorer.inrae.fr:id/scientific-object/so-pu_test_inrae_resdur_30433"	"Test_INRAE_ResDur_30433"	NA	"vocabulary:Plot"	"Parcelle Unitaire"	NA	NA
"vitis-explorer:id/experiment/expetest_viti"	"ExpeTest_Viti"	"vitis-explorer.inrae.fr:id/scientific-object/so-pu_test_inrae_resdur_30434"	"Test_INRAE_ResDur_30434"	NA	"vocabulary:Plot"	"Parcelle Unitaire"	NA	NA
"vitis-explorer:id/experiment/expetest_viti"	"ExpeTest_Viti"	"vitis-explorer.inrae.fr:id/scientific-object/so-pu_test_inrae_resdur_30435"	"Test_INRAE_ResDur_30435"	NA	"vocabulary:Plot"	"Parcelle Unitaire"	NA	NA
"vitis-explorer:id/experiment/expetest_viti"	"ExpeTest_Viti"	"vitis-explorer.inrae.fr:id/scientific-object/so-pu_test_inrae_resdur_30436"	"Test_INRAE_ResDur_30436"	NA	"vocabulary:Plot"	"Parcelle Unitaire"	NA	NA
"vitis-explorer:id/experiment/expetest_viti"	"ExpeTest_Viti"	"vitis-explorer.inrae.fr:id/scientific-object/so-pu_test_inrae_resdur_30437"	"Test_INRAE_ResDur_30437"	NA	"vocabulary:Plot"	"Parcelle Unitaire"	NA	NA
"vitis-explorer:id/experiment/expetest_viti"	"ExpeTest_Viti"	"vitis-explorer.inrae.fr:id/scientific-object/so-pu_test_inrae_resdur_30438"	"Test_INRAE_ResDur_30438"	NA	"vocabulary:Plot"	"Parcelle Unitaire"	NA	NA
"vitis-explorer:id/experiment/expetest_viti"	"ExpeTest_Viti"	"vitis-explorer.inrae.fr:id/scientific-object/so-pu_test_inrae_resdur_30439"	"Test_INRAE_ResDur_30439"	NA	"vocabulary:Plot"	"Parcelle Unitaire"	NA	NA
"vitis-explorer:id/experiment/expetest_viti"	"ExpeTest_Viti"	"vitis-explorer.inrae.fr:id/scientific-object/so-pu_test_inrae_resdur_30440"	"Test_INRAE_ResDur_30440"	NA	"vocabulary:Plot"	"Parcelle Unitaire"	NA	NA
"vitis-explorer:id/experiment/expetest_viti"	"ExpeTest_Viti"	"vitis-explorer.inrae.fr:id/scientific-object/so-pu_test_inrae_resdur_30441"	"Test_INRAE_ResDur_30441"	NA	"vocabulary:Plot"	"Parcelle Unitaire"	NA	NA
"vitis-explorer:id/experiment/expetest_viti"	"ExpeTest_Viti"	"vitis-explorer.inrae.fr:id/scientific-object/so-pu_test_inrae_resdur_30442"	"Test_INRAE_ResDur_30442"	NA	"vocabulary:Plot"	"Parcelle Unitaire"	NA	NA
"vitis-explorer:id/experiment/expetest_viti"	"ExpeTest_Viti"	"vitis-explorer.inrae.fr:id/scientific-object/so-pu_test_inrae_resdur_30443"	"Test_INRAE_ResDur_30443"	NA	"vocabulary:Plot"	"Parcelle Unitaire"	NA	NA
"vitis-explorer:id/experiment/expetest_viti"	"ExpeTest_Viti"	"vitis-explorer.inrae.fr:id/scientific-object/so-pu_test_inrae_resdur_30444"	"Test_INRAE_ResDur_30444"	NA	"vocabulary:Plot"	"Parcelle Unitaire"	NA	NA
"vitis-explorer:id/experiment/expetest_viti"	"ExpeTest_Viti"	"vitis-explorer.inrae.fr:id/scientific-object/so-pu_test_inrae_resdur_30445"	"Test_INRAE_ResDur_30445"	NA	"vocabulary:Plot"	"Parcelle Unitaire"	NA	NA
"vitis-explorer:id/experiment/expetest_viti"	"ExpeTest_Viti"	"vitis-explorer.inrae.fr:id/scientific-object/so-pu_test_inrae_resdur_30446"	"Test_INRAE_ResDur_30446"	NA	"vocabulary:Plot"	"Parcelle Unitaire"	NA	NA
"vitis-explorer:id/experiment/expetest_viti"	"ExpeTest_Viti"	"vitis-explorer.inrae.fr:id/scientific-object/so-pu_test_inrae_resdur_30447"	"Test_INRAE_ResDur_30447"	NA	"vocabulary:Plot"	"Parcelle Unitaire"	NA	NA
"vitis-explorer:id/experiment/expetest_viti"	"ExpeTest_Viti"	"vitis-explorer.inrae.fr:id/scientific-object/so-pu_test_inrae_resdur_30448"	"Test_INRAE_ResDur_30448"	NA	"vocabulary:Plot"	"Parcelle Unitaire"	NA	NA
"vitis-explorer:id/experiment/expetest_viti"	"ExpeTest_Viti"	"vitis-explorer.inrae.fr:id/scientific-object/so-pu_test_inrae_resdur_30449"	"Test_INRAE_ResDur_30449"	NA	"vocabulary:Plot"	"Parcelle Unitaire"	NA	NA
"vitis-explorer:id/experiment/expetest_viti"	"ExpeTest_Viti"	"vitis-explorer.inrae.fr:id/scientific-object/so-pu_test_inrae_resdur_30450"	"Test_INRAE_ResDur_30450"	NA	"vocabulary:Plot"	"Parcelle Unitaire"	NA	NA
"vitis-explorer:id/experiment/expetest_viti"	"ExpeTest_Viti"	"vitis-explorer.inrae.fr:id/scientific-object/so-pu_test_inrae_resdur_30451"	"Test_INRAE_ResDur_30451"	NA	"vocabulary:Plot"	"Parcelle Unitaire"	NA	NA
"vitis-explorer:id/experiment/expetest_viti"	"ExpeTest_Viti"	"vitis-explorer.inrae.fr:id/scientific-object/so-pu_test_inrae_resdur_30452"	"Test_INRAE_ResDur_30452"	NA	"vocabulary:Plot"	"Parcelle Unitaire"	NA	NA
"vitis-explorer:id/experiment/expetest_viti"	"ExpeTest_Viti"	"vitis-explorer.inrae.fr:id/scientific-object/so-pu_test_inrae_resdur_30453"	"Test_INRAE_ResDur_30453"	NA	"vocabulary:Plot"	"Parcelle Unitaire"	NA	NA
"vitis-explorer:id/experiment/expetest_viti"	"ExpeTest_Viti"	"vitis-explorer.inrae.fr:id/scientific-object/so-pu_test_inrae_resdur_30454"	"Test_INRAE_ResDur_30454"	NA	"vocabulary:Plot"	"Parcelle Unitaire"	NA	NA
"vitis-explorer:id/experiment/expetest_viti"	"ExpeTest_Viti"	"vitis-explorer.inrae.fr:id/scientific-object/so-pu_test_inrae_resdur_30455"	"Test_INRAE_ResDur_30455"	NA	"vocabulary:Plot"	"Parcelle Unitaire"	NA	NA
"vitis-explorer:id/experiment/expetest_viti"	"ExpeTest_Viti"	"vitis-explorer.inrae.fr:id/scientific-object/so-pu_test_inrae_resdur_30456"	"Test_INRAE_ResDur_30456"	NA	"vocabulary:Plot"	"Parcelle Unitaire"	NA	NA
"vitis-explorer:id/experiment/expetest_viti"	"ExpeTest_Viti"	"vitis-explorer.inrae.fr:id/scientific-object/so-pu_test_inrae_resdur_30457"	"Test_INRAE_ResDur_30457"	NA	"vocabulary:Plot"	"Parcelle Unitaire"	NA	NA
"vitis-explorer:id/experiment/expetest_viti"	"ExpeTest_Viti"	"vitis-explorer.inrae.fr:id/scientific-object/so-pu_test_inrae_resdur_30458"	"Test_INRAE_ResDur_30458"	NA	"vocabulary:Plot"	"Parcelle Unitaire"	NA	NA
"vitis-explorer:id/experiment/expetest_viti"	"ExpeTest_Viti"	"vitis-explorer.inrae.fr:id/scientific-object/so-pu_test_inrae_resdur_30459"	"Test_INRAE_ResDur_30459"	NA	"vocabulary:Plot"	"Parcelle Unitaire"	NA	NA
"vitis-explorer:id/experiment/expetest_viti"	"ExpeTest_Viti"	"vitis-explorer.inrae.fr:id/scientific-object/so-pu_test_inrae_resdur_30460"	"Test_INRAE_ResDur_30460"	NA	"vocabulary:Plot"	"Parcelle Unitaire"	NA	NA
"vitis-explorer:id/experiment/expetest_viti"	"ExpeTest_Viti"	"vitis-explorer.inrae.fr:id/scientific-object/so-pu_test_inrae_resdur_30461"	"Test_INRAE_ResDur_30461"	NA	"vocabulary:Plot"	"Parcelle Unitaire"	NA	NA
"vitis-explorer:id/experiment/expetest_viti"	"ExpeTest_Viti"	"vitis-explorer.inrae.fr:id/scientific-object/so-pu_test_inrae_resdur_30462"	"Test_INRAE_ResDur_30462"	NA	"vocabulary:Plot"	"Parcelle Unitaire"	NA	NA
"vitis-explorer:id/experiment/expetest_viti"	"ExpeTest_Viti"	"vitis-explorer.inrae.fr:id/scientific-object/so-pu_test_inrae_resdur_30463"	"Test_INRAE_ResDur_30463"	NA	"vocabulary:Plot"	"Parcelle Unitaire"	NA	NA
"vitis-explorer:id/experiment/expetest_viti"	"ExpeTest_Viti"	"vitis-explorer.inrae.fr:id/scientific-object/so-pu_test_inrae_resdur_30464"	"Test_INRAE_ResDur_30464"	NA	"vocabulary:Plot"	"Parcelle Unitaire"	NA	NA
"vitis-explorer:id/experiment/expetest_viti"	"ExpeTest_Viti"	"vitis-explorer.inrae.fr:id/scientific-object/so-pu_test_inrae_resdur_30465"	"Test_INRAE_ResDur_30465"	NA	"vocabulary:Plot"	"Parcelle Unitaire"	NA	NA
"vitis-explorer:id/experiment/expetest_viti"	"ExpeTest_Viti"	"vitis-explorer.inrae.fr:id/scientific-object/so-pu_test_inrae_resdur_30466"	"Test_INRAE_ResDur_30466"	NA	"vocabulary:Plot"	"Parcelle Unitaire"	NA	NA
"vitis-explorer:id/experiment/expetest_viti"	"ExpeTest_Viti"	"vitis-explorer.inrae.fr:id/scientific-object/so-pu_test_inrae_resdur_30467"	"Test_INRAE_ResDur_30467"	NA	"vocabulary:Plot"	"Parcelle Unitaire"	NA	NA
"vitis-explorer:id/experiment/expetest_viti"	"ExpeTest_Viti"	"vitis-explorer.inrae.fr:id/scientific-object/so-pu_test_inrae_resdur_30468"	"Test_INRAE_ResDur_30468"	NA	"vocabulary:Plot"	"Parcelle Unitaire"	NA	NA
"vitis-explorer:id/experiment/expetest_viti"	"ExpeTest_Viti"	"vitis-explorer.inrae.fr:id/scientific-object/so-pu_test_inrae_resdur_30469"	"Test_INRAE_ResDur_30469"	NA	"vocabulary:Plot"	"Parcelle Unitaire"	NA	NA
"vitis-explorer:id/experiment/expetest_viti"	"ExpeTest_Viti"	"vitis-explorer.inrae.fr:id/scientific-object/so-pu_test_inrae_resdur_30470"	"Test_INRAE_ResDur_30470"	NA	"vocabulary:Plot"	"Parcelle Unitaire"	NA	NA
"vitis-explorer:id/experiment/expetest_viti"	"ExpeTest_Viti"	"vitis-explorer.inrae.fr:id/scientific-object/so-pu_test_inrae_resdur_30471"	"Test_INRAE_ResDur_30471"	NA	"vocabulary:Plot"	"Parcelle Unitaire"	NA	NA
"vitis-explorer:id/experiment/expetest_viti"	"ExpeTest_Viti"	"vitis-explorer.inrae.fr:id/scientific-object/so-pu_test_inrae_resdur_30473"	"Test_INRAE_ResDur_30473"	NA	"vocabulary:Plot"	"Parcelle Unitaire"	NA	NA
"vitis-explorer:id/experiment/expetest_viti"	"ExpeTest_Viti"	"vitis-explorer.inrae.fr:id/scientific-object/so-pu_test_inrae_resdur_30474"	"Test_INRAE_ResDur_30474"	NA	"vocabulary:Plot"	"Parcelle Unitaire"	NA	NA
"vitis-explorer:id/experiment/expetest_viti"	"ExpeTest_Viti"	"vitis-explorer.inrae.fr:id/scientific-object/so-pu_test_inrae_resdur_30516"	"Test_INRAE_ResDur_30516"	NA	"vocabulary:Plot"	"Parcelle Unitaire"	NA	NA
"vitis-explorer:id/experiment/expetest_viti"	"ExpeTest_Viti"	"vitis-explorer.inrae.fr:id/scientific-object/so-pu_test_inrae_resdur_30519"	"Test_INRAE_ResDur_30519"	NA	"vocabulary:Plot"	"Parcelle Unitaire"	NA	NA
"vitis-explorer:id/experiment/expetest_viti"	"ExpeTest_Viti"	"vitis-explorer.inrae.fr:id/scientific-object/so-pu_test_inrae_resdur_30562"	"Test_INRAE_ResDur_30562"	NA	"vocabulary:Plot"	"Parcelle Unitaire"	NA	NA
"vitis-explorer:id/experiment/expetest_viti"	"ExpeTest_Viti"	"vitis-explorer.inrae.fr:id/scientific-object/so-pu_test_inrae_resdur_30566"	"Test_INRAE_ResDur_30566"	NA	"vocabulary:Plot"	"Parcelle Unitaire"	NA	NA
"vitis-explorer:id/experiment/expetest_viti"	"ExpeTest_Viti"	"vitis-explorer.inrae.fr:id/scientific-object/so-pu_test_inrae_resdur_30573"	"Test_INRAE_ResDur_30573"	NA	"vocabulary:Plot"	"Parcelle Unitaire"	NA	NA
"vitis-explorer:id/experiment/expetest_viti"	"ExpeTest_Viti"	"vitis-explorer.inrae.fr:id/scientific-object/so-pu_test_inrae_resdur_30590"	"Test_INRAE_ResDur_30590"	NA	"vocabulary:Plot"	"Parcelle Unitaire"	NA	NA
"vitis-explorer:id/experiment/expetest_viti"	"ExpeTest_Viti"	"vitis-explorer.inrae.fr:id/scientific-object/so-pu_test_inrae_resdur_30592"	"Test_INRAE_ResDur_30592"	NA	"vocabulary:Plot"	"Parcelle Unitaire"	NA	NA
"vitis-explorer:id/experiment/expetest_viti"	"ExpeTest_Viti"	"vitis-explorer.inrae.fr:id/scientific-object/so-pu_test_inrae_resdur_30593"	"Test_INRAE_ResDur_30593"	NA	"vocabulary:Plot"	"Parcelle Unitaire"	NA	NA
"vitis-explorer:id/experiment/expetest_viti"	"ExpeTest_Viti"	"vitis-explorer.inrae.fr:id/scientific-object/so-pu_test_inrae_resdur_30596"	"Test_INRAE_ResDur_30596"	NA	"vocabulary:Plot"	"Parcelle Unitaire"	NA	NA
"vitis-explorer:id/experiment/expetest_viti"	"ExpeTest_Viti"	"vitis-explorer.inrae.fr:id/scientific-object/so-pu_test_inrae_resdur_30602"	"Test_INRAE_ResDur_30602"	NA	"vocabulary:Plot"	"Parcelle Unitaire"	NA	NA
"vitis-explorer:id/experiment/expetest_viti"	"ExpeTest_Viti"	"vitis-explorer.inrae.fr:id/scientific-object/so-pu_test_inrae_resdur_30603"	"Test_INRAE_ResDur_30603"	NA	"vocabulary:Plot"	"Parcelle Unitaire"	NA	NA
"vitis-explorer:id/experiment/expetest_viti"	"ExpeTest_Viti"	"vitis-explorer.inrae.fr:id/scientific-object/so-pu_test_inrae_resdur_30605"	"Test_INRAE_ResDur_30605"	NA	"vocabulary:Plot"	"Parcelle Unitaire"	NA	NA
"vitis-explorer:id/experiment/expetest_viti"	"ExpeTest_Viti"	"vitis-explorer.inrae.fr:id/scientific-object/so-pu_test_inrae_resdur_30606"	"Test_INRAE_ResDur_30606"	NA	"vocabulary:Plot"	"Parcelle Unitaire"	NA	NA
"vitis-explorer:id/experiment/expetest_viti"	"ExpeTest_Viti"	"vitis-explorer.inrae.fr:id/scientific-object/so-pu_test_inrae_resdur_30607"	"Test_INRAE_ResDur_30607"	NA	"vocabulary:Plot"	"Parcelle Unitaire"	NA	NA
"vitis-explorer:id/experiment/expetest_viti"	"ExpeTest_Viti"	"vitis-explorer.inrae.fr:id/scientific-object/so-pu_test_inrae_resdur_30608"	"Test_INRAE_ResDur_30608"	NA	"vocabulary:Plot"	"Parcelle Unitaire"	NA	NA
"vitis-explorer:id/experiment/expetest_viti"	"ExpeTest_Viti"	"vitis-explorer.inrae.fr:id/scientific-object/so-pu_test_inrae_resdur_30609"	"Test_INRAE_ResDur_30609"	NA	"vocabulary:Plot"	"Parcelle Unitaire"	NA	NA
"vitis-explorer:id/experiment/expetest_viti"	"ExpeTest_Viti"	"vitis-explorer.inrae.fr:id/scientific-object/so-pu_test_inrae_resdur_30610"	"Test_INRAE_ResDur_30610"	NA	"vocabulary:Plot"	"Parcelle Unitaire"	NA	NA
"vitis-explorer:id/experiment/expetest_viti"	"ExpeTest_Viti"	"vitis-explorer:id/scientific-object/so-testajoutpu"	"TestAjoutPU"	NA	"vocabulary:Plot"	"Parcelle Unitaire"	NA	NA
