"uri","name","alternative_name","description","datatype","URIgroup","group"
"http://vitis-explorer.inrae.fr/id/variable/batch_weight_balance_kilogramme","Batch_Weight_Balance_Kilogramme","Batch_Weight","","http://www.w3.org/2001/XMLSchema#decimal",NA,NA
"http://vitis-explorer.inrae.fr/id/variable/jours_de_gel","Jours de gel","Genotype_Nombre de jours de gel","","http://www.w3.org/2001/XMLSchema#decimal",NA,NA
"http://vitis-explorer.inrae.fr/id/variable/millesime","Millésime","Année","Millésime auquel se rapporte les données associées (par exemple, dans le cas de pesées de bois de taille réalisées en janvier, le millésime est l'année précédente)","http://www.w3.org/2001/XMLSchema#integer",NA,NA
"http://vitis-explorer.inrae.fr/id/variable/stade_bbch","StadesPhéno_BBCH","Phéno_BBCH","L'échelle phénologique BBCH vigne décrit les stades phénologiques ou stades de développement de la vigne pendant son cycle de vie, comme la floraison par exemple. La notation est du type :
- stade principal : BBCH 6 (stade principal 6, soit la floraison) 
- stade secondaire : BBCH 65 (50% des fleurs ouvertes) ","http://www.w3.org/2001/XMLSchema#string",NA,NA
"http://vitis-explorer.inrae.fr/Must_InitialWeight","Poids de raisin initial","Moût_PoidsInitial","","http://www.w3.org/2001/XMLSchema#decimal",NA,NA
"https://cropontology.org/term/CO_356:000293","MUST_TA_H2SO4","Must titratable acidity (eq g/l H2SO4)","Must titratable acidity (eq g/l H2SO4)","http://www.w3.org/2001/XMLSchema#decimal",NA,NA
"https://cropontology.org/term/CO_356:1000001","BUD_DATE","Budbreak date (50%)","Budbreak date (50%)","http://www.w3.org/2001/XMLSchema#date","http://vitis-explorer.inrae.fr/id/variablesGroup/agro","Agro"
"https://cropontology.org/term/CO_356:1000002","MI-BUD-relativ","Budbreak date (50%) relative to Chasselas","Budbreak date (50%) relative to Chasselas","http://www.w3.org/2001/XMLSchema#string",NA,NA
"https://cropontology.org/term/CO_356:1000004","MI-FLO-relativ","Flowering date (50%) relative to Chasselas","Flowering date (50%) relative to Chasselas","http://www.w3.org/2001/XMLSchema#string",NA,NA
"https://cropontology.org/term/CO_356:1000010","VER_50","Veraison date (50%)","Veraison date (50%)","http://www.w3.org/2001/XMLSchema#date",NA,NA
"https://cropontology.org/term/CO_356:1000011","FLO_50","Flowering date (50%)","Flowering date (50%)","http://www.w3.org/2001/XMLSchema#date",NA,NA
"https://cropontology.org/term/CO_356:1000012","ALC_C","Alcohol content","Alcohol content","http://www.w3.org/2001/XMLSchema#decimal",NA,NA
"https://cropontology.org/term/CO_356:1000013","BERRY_ANTHO","Berry Anthocyanins content","Berry Anthocyanins content","http://www.w3.org/2001/XMLSchema#decimal",NA,NA
"https://cropontology.org/term/CO_356:1000014","MUST_ANTHO","Must Anthocyanins content","Must Anthocyanins content","http://www.w3.org/2001/XMLSchema#decimal",NA,NA
"https://cropontology.org/term/CO_356:1000015","WINE_ANTHO","Wine Anthocyanins content","Wine Anthocyanins content","http://www.w3.org/2001/XMLSchema#decimal",NA,NA
"https://cropontology.org/term/CO_356:1000016","MORPHO_OIV_227","Berry: bloom","Berry: bloom","http://www.w3.org/2001/XMLSchema#string",NA,NA
"https://cropontology.org/term/CO_356:1000017","MORPHO_OIV_225","Berry: color of skin","Berry: color of skin","http://www.w3.org/2001/XMLSchema#string",NA,NA
"https://cropontology.org/term/CO_356:1000018","MORPHO_OIV_240","Berry: ease of detachment from pedicel","Berry: ease of detachment from pedicel","http://www.w3.org/2001/XMLSchema#string",NA,NA
"https://cropontology.org/term/CO_356:1000019","MORPHO_OIV_235","Berry: firmness of flesh","Berry: firmness of flesh","http://www.w3.org/2001/XMLSchema#string",NA,NA
"https://cropontology.org/term/CO_356:1000020","MORPHO_OIV_241","Berry: formation of seeds","Berry: formation of seeds","http://www.w3.org/2001/XMLSchema#string",NA,NA
"https://cropontology.org/term/CO_356:1000021","MORPHO_OIV_229","Berry: hilum","Berry: hilum","http://www.w3.org/2001/XMLSchema#string",NA,NA
"https://cropontology.org/term/CO_356:1000022","MORPHO_OIV_231","Berry: intensity of the anthocyanin coloration of flesh","Berry: intensity of the anthocyanin coloration of flesh","http://www.w3.org/2001/XMLSchema#string",NA,NA
"https://cropontology.org/term/CO_356:1000023","MORPHO_OIV_232","Berry: juiciness of flesh","Berry: juiciness of flesh","http://www.w3.org/2001/XMLSchema#string",NA,NA
"https://cropontology.org/term/CO_356:1000024","MORPHO_OIV_220","Berry: length","Berry: length","http://www.w3.org/2001/XMLSchema#string",NA,NA
"https://cropontology.org/term/CO_356:1000025","MORPHO_OIV_238","Berry: length of pedicel","Berry: length of pedicel","http://www.w3.org/2001/XMLSchema#string",NA,NA
"https://cropontology.org/term/CO_356:1000026","MORPHO_OIV_242","Berry: length of seeds","Berry: length of seeds","http://www.w3.org/2001/XMLSchema#string",NA,NA
"https://cropontology.org/term/CO_356:1000027","MUST_Y_OIV_233","Must yield","Must yield","http://www.w3.org/2001/XMLSchema#string",NA,NA
"https://cropontology.org/term/CO_356:1000028","MORPHO_OIV_236","Berry: particularity of flavor","Berry: particularity of flavor","http://www.w3.org/2001/XMLSchema#string",NA,NA
"https://cropontology.org/term/CO_356:1000029","MORPHO_OIV_223","Berry: shape","Berry: shape","http://www.w3.org/2001/XMLSchema#string",NA,NA
"https://cropontology.org/term/CO_356:1000030","SBER_W_OIV_503","Single berry weight","Single berry weight","http://www.w3.org/2001/XMLSchema#string",NA,NA
"https://cropontology.org/term/CO_356:1000031","MORPHO_OIV_244","Berry: transversal ridges on dorsal side of seeds","Berry: transversal ridges on dorsal side of seeds","http://www.w3.org/2001/XMLSchema#string",NA,NA
"https://cropontology.org/term/CO_356:1000032","MORPHO_OIV_228","Berry: thickness of skin","Berry: thickness of skin","http://www.w3.org/2001/XMLSchema#string",NA,NA
"https://cropontology.org/term/CO_356:1000033","MORPHO_OIV_226","Berry: uniformity of color of skin","Berry: uniformity of color of skin","http://www.w3.org/2001/XMLSchema#string",NA,NA
"https://cropontology.org/term/CO_356:1000034","MORPHO_OIV_222","Berry: uniformity of size","Berry: uniformity of size","http://www.w3.org/2001/XMLSchema#string",NA,NA
"https://cropontology.org/term/CO_356:1000035","MORPHO_OIV_221","Berry: width","Berry: width","http://www.w3.org/2001/XMLSchema#string",NA,NA
"https://cropontology.org/term/CO_356:1000036","MORPHO_OIV_243","Berry: weight of seeds","Berry: weight of seeds","http://www.w3.org/2001/XMLSchema#string",NA,NA
"https://cropontology.org/term/CO_356:1000037","MORPHO_OIV_204","Bunch: density","Bunch: density","http://www.w3.org/2001/XMLSchema#string",NA,NA
"https://cropontology.org/term/CO_356:1000038","MORPHO_OIV_202","Bunch: length (peduncle excluded)","Bunch: length (peduncle excluded)","http://www.w3.org/2001/XMLSchema#string",NA,NA
"https://cropontology.org/term/CO_356:1000039","MORPHO_OIV_207","Bunch: lignification of peduncle","Bunch: lignification of peduncle","http://www.w3.org/2001/XMLSchema#string",NA,NA
"https://cropontology.org/term/CO_356:1000040","MORPHO_OIV_206","Bunch: length of peduncle of primary bunch","Bunch: length of peduncle of primary bunch","http://www.w3.org/2001/XMLSchema#string",NA,NA
"https://cropontology.org/term/CO_356:1000041","MORPHO_OIV_209","Bunch: number of wings of the primary bunch","Bunch: number of wings of the primary bunch","http://www.w3.org/2001/XMLSchema#string",NA,NA
"https://cropontology.org/term/CO_356:1000042","MORPHO_OIV_208","Bunch: shape","Bunch: shape","http://www.w3.org/2001/XMLSchema#string",NA,NA
"https://cropontology.org/term/CO_356:1000043","MORPHO_OIV_203","Bunch: width","Bunch: width","http://www.w3.org/2001/XMLSchema#string",NA,NA
"https://cropontology.org/term/CO_356:1000044","SCLUST_W_OIV_502","Weight of a single bunch","Weight of a single bunch","http://www.w3.org/2001/XMLSchema#string",NA,NA
"https://cropontology.org/term/CO_356:1000045","BOTRY_CLUST_OIV_459","Cluster: degree of resistance to Botrytis","Cluster: degree of resistance to Botrytis","http://www.w3.org/2001/XMLSchema#string",NA,NA
"https://cropontology.org/term/CO_356:1000046","UN_CLUST_OIV_456","Cluster: degree of resistance to Oidium","Cluster: degree of resistance to Oidium","http://www.w3.org/2001/XMLSchema#string",NA,NA
"https://cropontology.org/term/CO_356:1000047","PM_CLUS_OIV_453","Cluster: degree of resistance to Plasmopara","Cluster: degree of resistance to Plasmopara","http://www.w3.org/2001/XMLSchema#string",NA,NA
"https://cropontology.org/term/CO_356:1000048","SCLUST_W_G","Cluster weight","Cluster weight","http://www.w3.org/2001/XMLSchema#decimal",NA,NA
"https://cropontology.org/term/CO_356:1000049","MUST_BTERP","Must Concentration of bound terpenols","Must Concentration of bound terpenols","http://www.w3.org/2001/XMLSchema#decimal",NA,NA
"https://cropontology.org/term/CO_356:1000050","WINE_BTERP","Wine Concentration of bound terpenols","Wine Concentration of bound terpenols","http://www.w3.org/2001/XMLSchema#decimal",NA,NA
"https://cropontology.org/term/CO_356:1000051","PULP_BTERP","Concentration of bound terpenols in the pulp","Concentration of bound terpenols in the pulp","http://www.w3.org/2001/XMLSchema#decimal",NA,NA
"https://cropontology.org/term/CO_356:1000052","SKIN_BTERP","Concentration of bound terpenols in the skins","Concentration of bound terpenols in the skins","http://www.w3.org/2001/XMLSchema#decimal",NA,NA
"https://cropontology.org/term/CO_356:1000053","BERRY_TOTATERP","Concentrations of free and bound alpha-terpineol in the berries","Concentrations of free and bound alpha-terpineol in the berries","http://www.w3.org/2001/XMLSchema#decimal",NA,NA
"https://cropontology.org/term/CO_356:1000054","BERRY_TOTCITRO","Concentrations of free and bound citronellol in the berries","Concentrations of free and bound citronellol in the berries","http://www.w3.org/2001/XMLSchema#decimal",NA,NA
"https://cropontology.org/term/CO_356:1000055","BERRY_TOTGERAN","Concentrations of free and bound geraniol in the berries","Concentrations of free and bound geraniol in the berries","http://www.w3.org/2001/XMLSchema#decimal",NA,NA
"https://cropontology.org/term/CO_356:1000056","BERRY_TOTLIN","Concentrations of free and bound linalool in the berries","Concentrations of free and bound linalool in the berries","http://www.w3.org/2001/XMLSchema#decimal",NA,NA
"https://cropontology.org/term/CO_356:1000057","BERRY_TOTNER","Concentrations of free and bound nerol in the berries","Concentrations of free and bound nerol in the berries","http://www.w3.org/2001/XMLSchema#decimal",NA,NA
"https://cropontology.org/term/CO_356:1000058","MUST_TOTTERP","Must Concentration of free and bound terpenols","Must Concentration of free and bound terpenols","http://www.w3.org/2001/XMLSchema#decimal",NA,NA
"https://cropontology.org/term/CO_356:1000059","WINE_TOTTERP","Wine Concentration of free and bound terpenols","Wine Concentration of free and bound terpenols","http://www.w3.org/2001/XMLSchema#decimal",NA,NA
"https://cropontology.org/term/CO_356:1000060","PULP_TOTTERP","Concentration of free and bound terpenols in the pulp","Concentration of free and bound terpenols in the pulp","http://www.w3.org/2001/XMLSchema#decimal",NA,NA
"https://cropontology.org/term/CO_356:1000061","SKIN_TOTTERP","Concentration of free and bound terpenols in the skins","Concentration of free and bound terpenols in the skins","http://www.w3.org/2001/XMLSchema#decimal",NA,NA
"https://cropontology.org/term/CO_356:1000062","MUST_FTERP","Must Concentration of free terpenols","Must Concentration of free terpenols","http://www.w3.org/2001/XMLSchema#decimal",NA,NA
"https://cropontology.org/term/CO_356:1000063","WINE_FTERP","Wine Concentration of free terpenols","Wine Concentration of free terpenols","http://www.w3.org/2001/XMLSchema#decimal",NA,NA
"https://cropontology.org/term/CO_356:1000064","PULP_FTREP","Concentration of free terpenols in the pulp","Concentration of free terpenols in the pulp","http://www.w3.org/2001/XMLSchema#decimal",NA,NA
"https://cropontology.org/term/CO_356:1000065","SKIN_FTERP","Concentration of free terpenols in the skins","Concentration of free terpenols in the skins","http://www.w3.org/2001/XMLSchema#decimal",NA,NA
"https://cropontology.org/term/CO_356:1000066","EUTYP_OIV_460","Degree of resistance to Eutypa dieback (laboratory analysis)","Degree of resistance to Eutypa dieback (laboratory analysis)","http://www.w3.org/2001/XMLSchema#string",NA,NA
"https://cropontology.org/term/CO_356:1000067","PHYLLOX_LEAF_OIV_461","Degree of tolerance to Phylloxera (leaf)","Degree of tolerance to Phylloxera (leaf)","http://www.w3.org/2001/XMLSchema#string",NA,NA
"https://cropontology.org/term/CO_356:1000068","PHYLLOX_ROOT_OIV_462","Degree of tolerance to Phylloxera (root)","Degree of tolerance to Phylloxera (root)","http://www.w3.org/2001/XMLSchema#string",NA,NA
"https://cropontology.org/term/CO_356:1000069","INTDIAM_OIV_354","Diameter of internodes","Diameter of internodes","http://www.w3.org/2001/XMLSchema#string",NA,NA
"https://cropontology.org/term/CO_356:1000070","MUST_DO420","Optical density at 420 nm of the must","Optical density at 420 nm of the must","http://www.w3.org/2001/XMLSchema#string",NA,NA
"https://cropontology.org/term/CO_356:1000071","WINE_DO420","Optical density at 420 nm of the wine","Optical density at 420 nm of the wine","http://www.w3.org/2001/XMLSchema#string",NA,NA
"https://cropontology.org/term/CO_356:1000072","MUST_DO520","Optical density at 520 nm of the must","Optical density at 520 nm of the must","http://www.w3.org/2001/XMLSchema#string",NA,NA
"https://cropontology.org/term/CO_356:1000073","WINE_DO520","Optical density at 520 nm of the wine","Optical density at 520 nm of the wine","http://www.w3.org/2001/XMLSchema#string",NA,NA
"https://cropontology.org/term/CO_356:1000074","MUST_DO620","Optical density at 620 nm of the must","Optical density at 620 nm of the must","http://www.w3.org/2001/XMLSchema#string",NA,NA
"https://cropontology.org/term/CO_356:1000075","WINE_DO620","Optical density at 620 nm of the wine","Optical density at 620 nm of the wine","http://www.w3.org/2001/XMLSchema#string",NA,NA
"https://cropontology.org/term/CO_356:1000076","DOY_BUD","Day of Year Budbreak (50%)","Day of Year Budbreak (50%)","http://www.w3.org/2001/XMLSchema#date","http://vitis-explorer.inrae.fr/id/variablesGroup/agro","Agro"
"https://cropontology.org/term/CO_356:1000077","DOY_FLO","Day of Year Flowering (50%)","Day of Year Flowering (50%)","http://www.w3.org/2001/XMLSchema#date",NA,NA
"https://cropontology.org/term/CO_356:1000078","DOY_VER  ","Day of Year Veraison (50%)","Day of Year Veraison (50%)","http://www.w3.org/2001/XMLSchema#date",NA,NA
"https://cropontology.org/term/CO_356:1000079","SHOOT_DW","Dry weight par shoot","Dry weight par shoot","http://www.w3.org/2001/XMLSchema#decimal",NA,NA
"https://cropontology.org/term/CO_356:1000080","EXP_LA_M2","Exposed leaf area per m2 of soil","Exposed leaf area per m2 of soil","http://www.w3.org/2001/XMLSchema#decimal",NA,NA
"https://cropontology.org/term/CO_356:1000082","FLO_END","Flowering end","Flowering end","http://www.w3.org/2001/XMLSchema#date",NA,NA
"https://cropontology.org/term/CO_356:1000083","FLO_START","Flowering start","Flowering start","http://www.w3.org/2001/XMLSchema#date",NA,NA
"https://cropontology.org/term/CO_356:1000084","MORPHO_OIV_151","Flower: sexual organs","Flower: sexual organs","http://www.w3.org/2001/XMLSchema#string",NA,NA
"https://cropontology.org/term/CO_356:1000085","SO2_FREE","Free SO2","Free SO2","http://www.w3.org/2001/XMLSchema#decimal",NA,NA
"https://cropontology.org/term/CO_356:1000086","GLUFRU","Glucose and fructose concentration","Glucose and fructose concentration","http://www.w3.org/2001/XMLSchema#decimal",NA,NA
"https://cropontology.org/term/CO_356:1000087","MORPHO_OIV_352","Growth of axillary shoots","Growth of axillary shoots","http://www.w3.org/2001/XMLSchema#string",NA,NA
"https://cropontology.org/term/CO_356:1000088","HS_Tmax_B02_15FB","Heat sums with Tmax","Heat sums with Tmax","http://www.w3.org/2001/XMLSchema#decimal","http://vitis-explorer.inrae.fr/id/variablesGroup/agro","Agro"
"https://cropontology.org/term/CO_356:1000089","HS_Tmax_B06_FloVer","Heat sums with Tmax","Heat sums with Tmax","http://www.w3.org/2001/XMLSchema#decimal",NA,NA
"https://cropontology.org/term/CO_356:1000090","HS_Tmax_B10_BudFlo","Heat sums with Tmax","Heat sums with Tmax","http://www.w3.org/2001/XMLSchema#decimal","http://vitis-explorer.inrae.fr/id/variablesGroup/agro","Agro"
"https://cropontology.org/term/CO_356:1000091","MORPHO_OIV_152","Inflorescence: insertion of 1st inflorescence","Inflorescence: insertion of 1st inflorescence","http://www.w3.org/2001/XMLSchema#string",NA,NA
"https://cropontology.org/term/CO_356:1000092","FERT_OIV_153","Number of inflorescences per shoot","Number of inflorescences per shoot","http://www.w3.org/2001/XMLSchema#string",NA,NA
"https://cropontology.org/term/CO_356:1000093","INT_L","Internode length","Internode length","http://www.w3.org/2001/XMLSchema#decimal",NA,NA
"https://cropontology.org/term/CO_356:1000094","LEAF_A_M2","Leaf area per m2 of soil","Leaf area per m2 of soil","http://www.w3.org/2001/XMLSchema#decimal",NA,NA
"https://cropontology.org/term/CO_356:1000095","BOTRY_LEAF_OIV_458","Leaf: degree of resistance to Botrytis","Leaf: degree of resistance to Botrytis","http://www.w3.org/2001/XMLSchema#string",NA,NA
"https://cropontology.org/term/CO_356:1000096","BOTRYL_LEAFLAB_OIV","Leaf: degree of resistance to Botrytis (laboratory analysis)","Leaf: degree of resistance to Botrytis (laboratory analysis)","http://www.w3.org/2001/XMLSchema#string",NA,NA
"https://cropontology.org/term/CO_356:1000097","UN_LEAF_OIV_455","Leaf: degree of resistance to Oidium","Leaf: degree of resistance to Oidium","http://www.w3.org/2001/XMLSchema#string",NA,NA
"https://cropontology.org/term/CO_356:1000098","UN_LEAFDISK_OIV_455-1","Leaf: degree of resistance to Oidium (leaf disc test)","Leaf: degree of resistance to Oidium (leaf disc test)","http://www.w3.org/2001/XMLSchema#string",NA,NA
"https://cropontology.org/term/CO_356:1000099","PM_LEAF_OIV_452","Leaf: degree of resistance to Plasmopara","Leaf: degree of resistance to Plasmopara","http://www.w3.org/2001/XMLSchema#string",NA,NA
"https://cropontology.org/term/CO_356:1000100","PM_LEAFDISK_OIV_452-1","Leaf: degree of resistance to Plasmopara (leaf disc test)","Leaf: degree of resistance to Plasmopara (leaf disc test)","http://www.w3.org/2001/XMLSchema#string",NA,NA
"https://cropontology.org/term/CO_356:1000101","MORPHO_OIV_353","Length of internodes","Length of internodes","http://www.w3.org/2001/XMLSchema#string",NA,NA
"https://cropontology.org/term/CO_356:1000102","BERRY_MAL_meq","Malic acid concentration in the berries (Enzym.","Malic acid concentration in the berries (Enzym.","http://www.w3.org/2001/XMLSchema#decimal",NA,NA
"https://cropontology.org/term/CO_356:1000103","MUST_MAL_meq","Must Malic acid concentration","Must Malic acid concentration","http://www.w3.org/2001/XMLSchema#decimal",NA,NA
"https://cropontology.org/term/CO_356:1000104","WINE_MAL","Wine Malic acid concentration","Wine Malic acid concentration","http://www.w3.org/2001/XMLSchema#decimal",NA,NA
"https://cropontology.org/term/CO_356:1000105","MORPHO_OIV_071","Mature leaf: area of anthocyanin coloration of main veins on lower side of blade","Mature leaf: area of anthocyanin coloration of main veins on lower side of blade","http://www.w3.org/2001/XMLSchema#string",NA,NA
"https://cropontology.org/term/CO_356:1000106","MORPHO_OIV_070","Mature leaf: area of anthocyanin coloration of main veins on upper side of blade","Mature leaf: area of anthocyanin coloration of main veins on upper side of blade","http://www.w3.org/2001/XMLSchema#string",NA,NA
"https://cropontology.org/term/CO_356:1000107","MORPHO_OIV_607","Mature leaf: angle between N1 and N2 (Code Nos OIV 601 and OIV 602) measured at the first ramification","Mature leaf: angle between N1 and N2 (Code Nos OIV 601 and OIV 602) measured at the first ramification","http://www.w3.org/2001/XMLSchema#string",NA,NA
"https://cropontology.org/term/CO_356:1000108","MORPHO_OIV_608","Mature leaf: angle between N2 and N3 (Code Nos OIV 601 and OIV 602) measured at the first ramification","Mature leaf: angle between N2 and N3 (Code Nos OIV 601 and OIV 602) measured at the first ramification","http://www.w3.org/2001/XMLSchema#string",NA,NA
"https://cropontology.org/term/CO_356:1000109","MORPHO_OIV_609","Mature leaf: angle between N3 and N4 (Code Nos OIV 601 and OIV 602) measured at the first ramification","Mature leaf: angle between N3 and N4 (Code Nos OIV 601 and OIV 602) measured at the first ramification","http://www.w3.org/2001/XMLSchema#string",NA,NA
"https://cropontology.org/term/CO_356:1000110","MORPHO_OIV_610","Mature leaf: angle between N3 and the tangent between petiole point and the tooth tip of N5","Mature leaf: angle between N3 and the tangent between petiole point and the tooth tip of N5","http://www.w3.org/2001/XMLSchema#string",NA,NA
"https://cropontology.org/term/CO_356:1000111","MORPHO_OIV_075","Mature leaf: blistering of upper side of blade","Mature leaf: blistering of upper side of blade","http://www.w3.org/2001/XMLSchema#string",NA,NA
"https://cropontology.org/term/CO_356:1000112","MORPHO_OIV_069","Mature leaf: color of the upper side of blade","Mature leaf: color of the upper side of blade","http://www.w3.org/2001/XMLSchema#string",NA,NA
"https://cropontology.org/term/CO_356:1000113","MORPHO_OIV_085","Mature leaf: density of erect hairs between the main veins on lower side of blade","Mature leaf: density of erect hairs between the main veins on lower side of blade","http://www.w3.org/2001/XMLSchema#string",NA,NA
"https://cropontology.org/term/CO_356:1000114","MORPHO_OIV_087","Mature leaf: density of erect hairs on main veins on lower side of blade","Mature leaf: density of erect hairs on main veins on lower side of blade","http://www.w3.org/2001/XMLSchema#string",NA,NA
"https://cropontology.org/term/CO_356:1000115","MORPHO_OIV_091","Mature leaf: density of erect hairs on petiole","Mature leaf: density of erect hairs on petiole","http://www.w3.org/2001/XMLSchema#string",NA,NA
"https://cropontology.org/term/CO_356:1000116","MORPHO_OIV_079","Mature leaf: degree of opening / overlapping of petiole sinus","Mature leaf: degree of opening / overlapping of petiole sinus","http://www.w3.org/2001/XMLSchema#string",NA,NA
"https://cropontology.org/term/CO_356:1000117","MORPHO_OIV_082","Mature leaf: degree of opening / overlapping of upper lateral sinus","Mature leaf: degree of opening / overlapping of upper lateral sinus","http://www.w3.org/2001/XMLSchema#string",NA,NA
"https://cropontology.org/term/CO_356:1000118","MORPHO_OIV_084","Mature leaf: density of prostrate hairs between the main veins on lower side of blade","Mature leaf: density of prostrate hairs between the main veins on lower side of blade","http://www.w3.org/2001/XMLSchema#string",NA,NA
"https://cropontology.org/term/CO_356:1000119","MORPHO_OIV_086","Mature leaf: density of prostrate hairs on main veins on lower side of blade","Mature leaf: density of prostrate hairs on main veins on lower side of blade","http://www.w3.org/2001/XMLSchema#string",NA,NA
"https://cropontology.org/term/CO_356:1000120","MORPHO_OIV_090","Mature leaf: density of prostrate hairs on petiole","Mature leaf: density of prostrate hairs on petiole","http://www.w3.org/2001/XMLSchema#string",NA,NA
"https://cropontology.org/term/CO_356:1000121","MORPHO_OIV_094","Mature leaf: depth of upper lateral sinuses","Mature leaf: depth of upper lateral sinuses","http://www.w3.org/2001/XMLSchema#string",NA,NA
"https://cropontology.org/term/CO_356:1000122","MORPHO_OIV_089","Mature leaf: erect hairs on main veins on upper side of blade","Mature leaf: erect hairs on main veins on upper side of blade","http://www.w3.org/2001/XMLSchema#string",NA,NA
"https://cropontology.org/term/CO_356:1000123","MORPHO_OIV_072","Mature leaf: goffering of blade","Mature leaf: goffering of blade","http://www.w3.org/2001/XMLSchema#string",NA,NA
"https://cropontology.org/term/CO_356:1000124","MORPHO_OIV_617","Mature leaf: length between the tooth tip of N2 and the tooth tip of the first secondary vein of N2","Mature leaf: length between the tooth tip of N2 and the tooth tip of the first secondary vein of N2","http://www.w3.org/2001/XMLSchema#string",NA,NA
"https://cropontology.org/term/CO_356:1000125","MORPHO_OIV_093","Mature leaf: length of petiole compared to length of middle vein","Mature leaf: length of petiole compared to length of middle vein","http://www.w3.org/2001/XMLSchema#string",NA,NA
"https://cropontology.org/term/CO_356:1000126","MORPHO_OIV_606","Mature leaf: length petiole sinus to lower lateral leaf sinus","Mature leaf: length petiole sinus to lower lateral leaf sinus","http://www.w3.org/2001/XMLSchema#string",NA,NA
"https://cropontology.org/term/CO_356:1000127","MORPHO_OIV_605","Mature leaf: length petiole sinus to upper lateral leaf sinus","Mature leaf: length petiole sinus to upper lateral leaf sinus","http://www.w3.org/2001/XMLSchema#string",NA,NA
"https://cropontology.org/term/CO_356:1000128","MORPHO_OIV_612","Mature leaf: length of tooth N2","Mature leaf: length of tooth N2","http://www.w3.org/2001/XMLSchema#string",NA,NA
"https://cropontology.org/term/CO_356:1000129","MORPHO_OIV_614","Mature leaf: length of tooth N4","Mature leaf: length of tooth N4","http://www.w3.org/2001/XMLSchema#string",NA,NA
"https://cropontology.org/term/CO_356:1000130","MORPHO_OIV_078","Mature leaf: length of teeth compared with their width","Mature leaf: length of teeth compared with their width","http://www.w3.org/2001/XMLSchema#string",NA,NA
"https://cropontology.org/term/CO_356:1000131","MORPHO_OIV_601","Mature leaf: length of vein N1","Mature leaf: length of vein N1","http://www.w3.org/2001/XMLSchema#string",NA,NA
"https://cropontology.org/term/CO_356:1000132","MORPHO_OIV_602","Mature leaf: length of vein N2","Mature leaf: length of vein N2","http://www.w3.org/2001/XMLSchema#string",NA,NA
"https://cropontology.org/term/CO_356:1000133","MORPHO_OIV_603","Mature leaf: length of vein N3","Mature leaf: length of vein N3","http://www.w3.org/2001/XMLSchema#string",NA,NA
"https://cropontology.org/term/CO_356:1000134","MORPHO_OIV_604","Mature leaf: length of vein N4","Mature leaf: length of vein N4","http://www.w3.org/2001/XMLSchema#string",NA,NA
"https://cropontology.org/term/CO_356:1000135","MORPHO_OIV_611","Mature leaf: length of vein N5","Mature leaf: length of vein N5","http://www.w3.org/2001/XMLSchema#string",NA,NA
"https://cropontology.org/term/CO_356:1000136","MORPHO_OIV_068","Mature leaf: number of lobes","Mature leaf: number of lobes","http://www.w3.org/2001/XMLSchema#string",NA,NA
"https://cropontology.org/term/CO_356:1000137","MORPHO_OIV_616","Mature leaf: number of teeth between the tooth tip of N2 and the tooth tip of the first secondary vein of N2 including the limits","Mature leaf: number of teeth between the tooth tip of N2 and the tooth tip of the first secondary vein of N2 including the limits","http://www.w3.org/2001/XMLSchema#string",NA,NA
"https://cropontology.org/term/CO_356:1000138","MORPHO_OIV_618","Mature leaf: opening/overlapping of petiole sinus","Mature leaf: opening/overlapping of petiole sinus","http://www.w3.org/2001/XMLSchema#string",NA,NA
"https://cropontology.org/term/CO_356:1000139","MORPHO_OIV_074","Mature leaf: profile of blade in cross section","Mature leaf: profile of blade in cross section","http://www.w3.org/2001/XMLSchema#string",NA,NA
"https://cropontology.org/term/CO_356:1000140","MORPHO_OIV_088","Mature leaf: prostrate hairs on main veins on upper side of blade","Mature leaf: prostrate hairs on main veins on upper side of blade","http://www.w3.org/2001/XMLSchema#string",NA,NA
"https://cropontology.org/term/CO_356:1000141","MORPHO_OIV_081-2","Mature leaf: petiole sinus base limited by veins","Mature leaf: petiole sinus base limited by veins","http://www.w3.org/2001/XMLSchema#string",NA,NA
"https://cropontology.org/term/CO_356:1000142","MORPHO_OIV_065","Mature leaf: size of blade","Mature leaf: size of blade","http://www.w3.org/2001/XMLSchema#string",NA,NA
"https://cropontology.org/term/CO_356:1000143","MORPHO_OIV_067","Mature leaf: shape of blade","Mature leaf: shape of blade","http://www.w3.org/2001/XMLSchema#string",NA,NA
"https://cropontology.org/term/CO_356:1000144","MORPHO_OIV_080","Mature leaf: shape of base of petiole sinus","Mature leaf: shape of base of petiole sinus","http://www.w3.org/2001/XMLSchema#string",NA,NA
"https://cropontology.org/term/CO_356:1000145","MORPHO_OIV_083-1","Mature leaf: shape of base of upper lateral sinuses","Mature leaf: shape of base of upper lateral sinuses","http://www.w3.org/2001/XMLSchema#string",NA,NA
"https://cropontology.org/term/CO_356:1000146","MORPHO_OIV_076","Mature leaf: shape of teeth","Mature leaf: shape of teeth","http://www.w3.org/2001/XMLSchema#string",NA,NA
"https://cropontology.org/term/CO_356:1000147","MORPHO_OIV_077","Mature leaf: size of teeth in relation to blade size","Mature leaf: size of teeth in relation to blade size","http://www.w3.org/2001/XMLSchema#string",NA,NA
"https://cropontology.org/term/CO_356:1000148","MORPHO_OIV_081-1","Mature leaf: teeth in the petiole sinus","Mature leaf: teeth in the petiole sinus","http://www.w3.org/2001/XMLSchema#string",NA,NA
"https://cropontology.org/term/CO_356:1000149","MORPHO_OIV_083-2","Mature leaf: teeth in the upper lateral sinuses","Mature leaf: teeth in the upper lateral sinuses","http://www.w3.org/2001/XMLSchema#string",NA,NA
"https://cropontology.org/term/CO_356:1000150","MORPHO_OIV_073","Mature leaf: undulation of blade between main and lateral veins","Mature leaf: undulation of blade between main and lateral veins","http://www.w3.org/2001/XMLSchema#string",NA,NA
"https://cropontology.org/term/CO_356:1000151","MORPHO_OIV_613","Mature leaf: width of tooth N2","Mature leaf: width of tooth N2","http://www.w3.org/2001/XMLSchema#string",NA,NA
"https://cropontology.org/term/CO_356:1000152","MORPHO_OIV_615","Mature leaf: width of tooth N4","Mature leaf: width of tooth N4","http://www.w3.org/2001/XMLSchema#string",NA,NA
"https://cropontology.org/term/CO_356:1000153","MUST_pH_OIV_508","Must pH","Must pH","http://www.w3.org/2001/XMLSchema#string",NA,NA
"https://cropontology.org/term/CO_356:1000154","MUST_Y","Must yield","Must yield","http://www.w3.org/2001/XMLSchema#decimal",NA,NA
"https://cropontology.org/term/CO_356:1000155","NOD_TENDRIL_1","Node number of the first tendril above the cotyledon","Node number of the first tendril above the cotyledon","http://www.w3.org/2001/XMLSchema#decimal",NA,NA
"https://cropontology.org/term/CO_356:1000156","NB_BUDS_PLANT","Number of buds per plant left after pruning","Number of buds per plant left after pruning","http://www.w3.org/2001/XMLSchema#decimal",NA,NA
"https://cropontology.org/term/CO_356:1000157","NB_CANES_PLANT","Number of canes per plant","Number of canes per plant","http://www.w3.org/2001/XMLSchema#decimal",NA,NA
"https://cropontology.org/term/CO_356:1000158","NB_CLUST_PLANT","Number of clusters per plant","Number of clusters per plant","http://www.w3.org/2001/XMLSchema#decimal",NA,NA
"https://cropontology.org/term/CO_356:1000159","NB_INFLO_ALL_PLANT","Number of inflorescences per plant","Number of inflorescences per plant","http://www.w3.org/2001/XMLSchema#decimal",NA,NA
"https://cropontology.org/term/CO_356:1000160","FERT_NCP","Number of inflorescences per non-count position","Number of inflorescences per non-count position","http://www.w3.org/2001/XMLSchema#decimal",NA,NA
"https://cropontology.org/term/CO_356:1000161","FERT_SHOOT_I","Number of inflorescences per primary shoot","Number of inflorescences per primary shoot","http://www.w3.org/2001/XMLSchema#decimal",NA,NA
"https://cropontology.org/term/CO_356:1000162","FERT_SHOOT_II","Number of inflorescences per secundary shoot","Number of inflorescences per secundary shoot","http://www.w3.org/2001/XMLSchema#decimal",NA,NA
"https://cropontology.org/term/CO_356:1000163","LEAV_NB_SHOOT","Number of leaves per shoot","Number of leaves per shoot","http://www.w3.org/2001/XMLSchema#decimal",NA,NA
"https://cropontology.org/term/CO_356:1000164","NB_NCP_PLANT","Number of non-count positions shoots","Number of non-count positions shoots","http://www.w3.org/2001/XMLSchema#decimal",NA,NA
"https://cropontology.org/term/CO_356:1000165","NB_PLANT_M2","Number of plants per m2","Number of plants per m2","http://www.w3.org/2001/XMLSchema#decimal",NA,NA
"https://cropontology.org/term/CO_356:1000166","NB_SHOOT_I_PLANT","Number of primary shoots per plant","Number of primary shoots per plant","http://www.w3.org/2001/XMLSchema#decimal",NA,NA
"https://cropontology.org/term/CO_356:1000167","NB_SBUDS_PLANT","Number of sprouted buds","Number of sprouted buds","http://www.w3.org/2001/XMLSchema#decimal",NA,NA
"https://cropontology.org/term/CO_356:1000169","SEED_NB","Number of seeds per berry","Number of seeds per berry","http://www.w3.org/2001/XMLSchema#decimal",NA,NA
"https://cropontology.org/term/CO_356:1000170","NB_SHOOT_II_PLANT","Number of secundary shoots per plant","Number of secundary shoots per plant","http://www.w3.org/2001/XMLSchema#decimal",NA,NA
"https://cropontology.org/term/CO_356:1000171","BLACKR_BER_PC","Percentage of berries destroyed by Black rot","Percentage of berries destroyed by Black rot","http://www.w3.org/2001/XMLSchema#decimal",NA,NA
"https://cropontology.org/term/CO_356:1000172","PM_BER_PC","Percentage of berries destroyed by Downy Mildew","Percentage of berries destroyed by Downy Mildew","http://www.w3.org/2001/XMLSchema#decimal",NA,NA
"https://cropontology.org/term/CO_356:1000173","FRUITSET_OIV_501","Percentage of berry set","Percentage of berry set","http://www.w3.org/2001/XMLSchema#string",NA,NA
"https://cropontology.org/term/CO_356:1000174","BOTRY_BER_PC","Percentage of berries with grey rot (Botryrtis)","Percentage of berries with grey rot (Botryrtis)","http://www.w3.org/2001/XMLSchema#decimal",NA,NA
"https://cropontology.org/term/CO_356:1000175","NOBROT_BER_PC","Percentage of berries with noble rot","Percentage of berries with noble rot","http://www.w3.org/2001/XMLSchema#decimal",NA,NA
"https://cropontology.org/term/CO_356:1000176","UN_BER_PC","Percentage of berries with Powdery Mildew","Percentage of berries with Powdery Mildew","http://www.w3.org/2001/XMLSchema#decimal",NA,NA
"https://cropontology.org/term/CO_356:1000177","COL_BER_PC","Percentage of colored berries","Percentage of colored berries","http://www.w3.org/2001/XMLSchema#decimal",NA,NA
"https://cropontology.org/term/CO_356:1000178","FRUITSET_%","Percentage of fruit-set","Percentage of fruit-set","http://www.w3.org/2001/XMLSchema#decimal",NA,NA
"https://cropontology.org/term/CO_356:1000181","OPEN_FLO_PC","Percentage of open flowers","Percentage of open flowers","http://www.w3.org/2001/XMLSchema#decimal",NA,NA
"https://cropontology.org/term/CO_356:1000182","SOFT_BER_PC","Percentage of soft berries","Percentage of soft berries","http://www.w3.org/2001/XMLSchema#decimal",NA,NA
"https://cropontology.org/term/CO_356:1000183","PER_SBU","Percentage of sprouted buds","Percentage of sprouted buds","http://www.w3.org/2001/XMLSchema#decimal",NA,NA
"https://cropontology.org/term/CO_356:1000184","BERRY_pH","Berry pH","Berry pH","http://www.w3.org/2001/XMLSchema#decimal",NA,NA
"https://cropontology.org/term/CO_356:1000185","MUST_pH","Must pH","Must pH","http://www.w3.org/2001/XMLSchema#decimal",NA,NA
"https://cropontology.org/term/CO_356:1000186","WINE_pH","Wine pH","Wine pH","http://www.w3.org/2001/XMLSchema#decimal",NA,NA
"https://cropontology.org/term/CO_356:1000187","BERRY_K","Potassium concentration in the berries (flame spec.","Potassium concentration in the berries (flame spec.","http://www.w3.org/2001/XMLSchema#decimal",NA,NA
"https://cropontology.org/term/CO_356:1000188","MUST_K","Must Potassium concentration (flame spec.)","Must Potassium concentration (flame spec.)","http://www.w3.org/2001/XMLSchema#decimal",NA,NA
"https://cropontology.org/term/CO_356:1000189","WINE_K","Wine Potassium concentration","Wine Potassium concentration","http://www.w3.org/2001/XMLSchema#decimal",NA,NA
"https://cropontology.org/term/CO_356:1000190","PRUN_FW_PLANT","Pruning fresh weight per plant","Pruning fresh weight per plant","http://www.w3.org/2001/XMLSchema#decimal",NA,NA
"https://cropontology.org/term/CO_356:1000191","RES_CL_OIV_402","Resistance to chlorides (salt); OIV:402","Resistance to chlorides (salt); OIV:402","http://www.w3.org/2001/XMLSchema#string",NA,NA
"https://cropontology.org/term/CO_356:1000192","RES_D_OIV_403","Resistance to drought; OIV:403","Resistance to drought; OIV:403","http://www.w3.org/2001/XMLSchema#string",NA,NA
"https://cropontology.org/term/CO_356:1000193","RES_IC_OIV_401","Resistance to iron chlorosis; OIV:401","Resistance to iron chlorosis; OIV:401","http://www.w3.org/2001/XMLSchema#string",NA,NA
"https://cropontology.org/term/CO_356:1000194","WINE_RES_SUG","Residual sugar concentration","Residual sugar concentration","http://www.w3.org/2001/XMLSchema#decimal",NA,NA
"https://cropontology.org/term/CO_356:1000195","MORPHO_OIV_553","Rootstock: adventitious root formation","Rootstock: adventitious root formation","http://www.w3.org/2001/XMLSchema#string",NA,NA
"https://cropontology.org/term/CO_356:1000196","MORPHO_OIV_552","Rootstock: formation of callus (upper end)","Rootstock: formation of callus (upper end)","http://www.w3.org/2001/XMLSchema#string",NA,NA
"https://cropontology.org/term/CO_356:1000197","CANES_Y_OIV_551","Rootstock: yield of canes/ha","Rootstock: yield of canes/ha","http://www.w3.org/2001/XMLSchema#string",NA,NA
"https://cropontology.org/term/CO_356:1000198","MORPHO_OIV_006","Shoot: attitude (before tying)","Shoot: attitude (before tying)","http://www.w3.org/2001/XMLSchema#string",NA,NA
"https://cropontology.org/term/CO_356:1000199","MORPHO_OIV_015-1","Shoot: area of the anthocyanin coloration on bud scales","Shoot: area of the anthocyanin coloration on bud scales","http://www.w3.org/2001/XMLSchema#string",NA,NA
"https://cropontology.org/term/CO_356:1000200","MORPHO_OIV_007","Shoot: color of dorsal side of internodes","Shoot: color of dorsal side of internodes","http://www.w3.org/2001/XMLSchema#string",NA,NA
"https://cropontology.org/term/CO_356:1000201","MORPHO_OIV_009","Shoot: color of dorsal side of nodes","Shoot: color of dorsal side of nodes","http://www.w3.org/2001/XMLSchema#string",NA,NA
"https://cropontology.org/term/CO_356:1000202","MORPHO_OIV_008","Shoot: color of ventral side of internodes","Shoot: color of ventral side of internodes","http://www.w3.org/2001/XMLSchema#string",NA,NA
"https://cropontology.org/term/CO_356:1000203","MORPHO_OIV_010","Shoot: color of ventral side of nodes","Shoot: color of ventral side of nodes","http://www.w3.org/2001/XMLSchema#string",NA,NA
"https://cropontology.org/term/CO_356:1000204","SHOOT_DIAM","Shoot diameter","Shoot diameter","http://www.w3.org/2001/XMLSchema#decimal",NA,NA
"https://cropontology.org/term/CO_356:1000205","MORPHO_OIV_012","Shoot: density of erect hairs on internodes","Shoot: density of erect hairs on internodes","http://www.w3.org/2001/XMLSchema#string",NA,NA
"https://cropontology.org/term/CO_356:1000206","MORPHO_OIV_011","Shoot: density of erect hairs on nodes","Shoot: density of erect hairs on nodes","http://www.w3.org/2001/XMLSchema#string",NA,NA
"https://cropontology.org/term/CO_356:1000207","MORPHO_OIV_014","Shoot: density of prostrate hairs on internodes","Shoot: density of prostrate hairs on internodes","http://www.w3.org/2001/XMLSchema#string",NA,NA
"https://cropontology.org/term/CO_356:1000208","MORPHO_OIV_013","Shoot: density of prostrate hairs on nodes","Shoot: density of prostrate hairs on nodes","http://www.w3.org/2001/XMLSchema#string",NA,NA
"https://cropontology.org/term/CO_356:1000209","MORPHO_OIV_155","Shoot: fertility of basal buds (buds 1-3)","Shoot: fertility of basal buds (buds 1-3)","http://www.w3.org/2001/XMLSchema#string",NA,NA
"https://cropontology.org/term/CO_356:1000210","MORPHO_OIV_015-2","Shoot: intensity of anthocyanin coloration on bud scales","Shoot: intensity of anthocyanin coloration on bud scales","http://www.w3.org/2001/XMLSchema#string",NA,NA
"https://cropontology.org/term/CO_356:1000211","SHOOT_L","Shoot length","Shoot length","http://www.w3.org/2001/XMLSchema#decimal",NA,NA
"https://cropontology.org/term/CO_356:1000212","MORPHO_OIV_017","Shoot: length of tendrils","Shoot: length of tendrils","http://www.w3.org/2001/XMLSchema#string",NA,NA
"https://cropontology.org/term/CO_356:1000213","MORPHO_OIV_016","Shoot: number of consecutive tendrils","Shoot: number of consecutive tendrils","http://www.w3.org/2001/XMLSchema#string",NA,NA
"https://cropontology.org/term/CO_356:1000214","SBER_VOL_mL","Single berry volume (ml)","Single berry volume (ml)","http://www.w3.org/2001/XMLSchema#decimal",NA,NA
"https://cropontology.org/term/CO_356:1000215","SBER_W_g","Single berry weight","Single berry weight","http://www.w3.org/2001/XMLSchema#decimal",NA,NA
"https://cropontology.org/term/CO_356:1000216","SSEEDW_g","Single seed weight","Single seed weight","http://www.w3.org/2001/XMLSchema#decimal",NA,NA
"https://cropontology.org/term/CO_356:1000217","BERRY_SUG_g","Berry Sugar concentration","Berry Sugar concentration","http://www.w3.org/2001/XMLSchema#decimal",NA,NA
"https://cropontology.org/term/CO_356:1000218","MUST_SUG_g","Must Sugar concentration","Must Sugar concentration","http://www.w3.org/2001/XMLSchema#decimal",NA,NA
"https://cropontology.org/term/CO_356:1000219","MUST_SUG_OIV_505","Sugar content of must OIV descriptor","Sugar content of must OIV descriptor","http://www.w3.org/2001/XMLSchema#string",NA,NA
"https://cropontology.org/term/CO_356:1000220","PM_LEAF_PC","Surface of foliage attacked by Downy Mildew","Surface of foliage attacked by Downy Mildew","http://www.w3.org/2001/XMLSchema#decimal",NA,NA
"https://cropontology.org/term/CO_356:1000221","UN_LEAF_PC","Surface of foliage attacked by Powdery Mildew","Surface of foliage attacked by Powdery Mildew","http://www.w3.org/2001/XMLSchema#decimal",NA,NA
"https://cropontology.org/term/CO_356:1000222","BERRY_TART_meq","Tartaric acid concentration in the berries (Metavan.","Tartaric acid concentration in the berries (Metavan.","http://www.w3.org/2001/XMLSchema#decimal",NA,NA
"https://cropontology.org/term/CO_356:1000223","MUST_TART_meq","Must Tartaric acid concentration","Must Tartaric acid concentration","http://www.w3.org/2001/XMLSchema#decimal",NA,NA
"https://cropontology.org/term/CO_356:1000224","WINE_TART","Wine Tartaric acid concentration","Wine Tartaric acid concentration","http://www.w3.org/2001/XMLSchema#decimal",NA,NA
"https://cropontology.org/term/CO_356:1000225","SENESC_OIV_306","Autumn coloration of leaves","Autumn coloration of leaves","http://www.w3.org/2001/XMLSchema#string",NA,NA
"https://cropontology.org/term/CO_356:1000226","BUDB_OIV_301","Time of bud burst","Time of bud burst","http://www.w3.org/2001/XMLSchema#string","http://vitis-explorer.inrae.fr/id/variablesGroup/agro","Agro"
"https://cropontology.org/term/CO_356:1000227","VER_OIV_303","Time of beginning of berry ripening (veraison)","Time of beginning of berry ripening (veraison)","http://www.w3.org/2001/XMLSchema#string",NA,NA
"https://cropontology.org/term/CO_356:1000228","WOODM_OIV_305","Time of beginning of wood maturity","Time of beginning of wood maturity","http://www.w3.org/2001/XMLSchema#string",NA,NA
"https://cropontology.org/term/CO_356:1000229","FLO_OIV_302","Time of full bloom","Time of full bloom","http://www.w3.org/2001/XMLSchema#string",NA,NA
"https://cropontology.org/term/CO_356:1000230","MAT_OIV_304","Time of physiological stage of full maturity of the berry","Time of physiological stage of full maturity of the berry","http://www.w3.org/2001/XMLSchema#string",NA,NA
"https://cropontology.org/term/CO_356:1000231","BERRY_TA_meq","Titratable acidity in the berries (meq/l)","Titratable acidity in the berries (meq/l)","http://www.w3.org/2001/XMLSchema#decimal",NA,NA
"https://cropontology.org/term/CO_356:1000232","MUST_TA_meq","Must Titratable acidity","Must Titratable acidity","http://www.w3.org/2001/XMLSchema#decimal",NA,NA
"https://cropontology.org/term/CO_356:1000233","WINE_TA","Wine Titratable acidity","Wine Titratable acidity","http://www.w3.org/2001/XMLSchema#decimal",NA,NA
"https://cropontology.org/term/CO_356:1000234","MUST_TA_OIV_506","Total acid content of must","Total acid content of must","http://www.w3.org/2001/XMLSchema#string",NA,NA
"https://cropontology.org/term/CO_356:1000235","MUST_DO280","Must Total Phenolic Content (DO 280)","Must Total Phenolic Content (DO 280)","http://www.w3.org/2001/XMLSchema#string",NA,NA
"https://cropontology.org/term/CO_356:1000236","WINE_DO280","Wine Total Phenolic Content (DO 280)","Wine Total Phenolic Content (DO 280)","http://www.w3.org/2001/XMLSchema#string",NA,NA
"https://cropontology.org/term/CO_356:1000237","BERRY_DO280","Berry Total Phenolic Content (DO 280)","Berry Total Phenolic Content (DO 280)","http://www.w3.org/2001/XMLSchema#string",NA,NA
"https://cropontology.org/term/CO_356:1000238","SO2_TOT","Total SO2","Total SO2","http://www.w3.org/2001/XMLSchema#decimal",NA,NA
"https://cropontology.org/term/CO_356:1000239","TSS","Total soluble solids","Total soluble solids","http://www.w3.org/2001/XMLSchema#decimal",NA,NA
"https://cropontology.org/term/CO_356:1000240","SHOOT_G_OIV_351","Vigor of shoot growth","Vigor of shoot growth","http://www.w3.org/2001/XMLSchema#string",NA,NA
"https://cropontology.org/term/CO_356:1000241","MORPHO_OIV_101","Woody shoot: cross section","Woody shoot: cross section","http://www.w3.org/2001/XMLSchema#string",NA,NA
"https://cropontology.org/term/CO_356:1000242","MORPHO_OIV_106","Woody shoot: erect hairs on internodes","Woody shoot: erect hairs on internodes","http://www.w3.org/2001/XMLSchema#string",NA,NA
"https://cropontology.org/term/CO_356:1000243","MORPHO_OIV_105","Woody shoot: erect hairs on nodes","Woody shoot: erect hairs on nodes","http://www.w3.org/2001/XMLSchema#string",NA,NA
"https://cropontology.org/term/CO_356:1000244","MORPHO_OIV_104","Woody shoot: lenticels","Woody shoot: lenticels","http://www.w3.org/2001/XMLSchema#string",NA,NA
"https://cropontology.org/term/CO_356:1000245","MORPHO_OIV_103","Woody shoot: main color","Woody shoot: main color","http://www.w3.org/2001/XMLSchema#string",NA,NA
"https://cropontology.org/term/CO_356:1000246","MORPHO_OIV_102","Woody shoot: structure of surface","Woody shoot: structure of surface","http://www.w3.org/2001/XMLSchema#string",NA,NA
"https://cropontology.org/term/CO_356:1000247","YIELD_PLANT","Yield","Yield","http://www.w3.org/2001/XMLSchema#decimal",NA,NA
"https://cropontology.org/term/CO_356:1000248","YIELD_OIV_504","Yield per m2","Yield per m2","http://www.w3.org/2001/XMLSchema#string",NA,NA
"https://cropontology.org/term/CO_356:1000249","MORPHO_OIV_051","Young leaf: color of the upper side of blade (4th leaf)","Young leaf: color of the upper side of blade (4th leaf)","http://www.w3.org/2001/XMLSchema#string",NA,NA
"https://cropontology.org/term/CO_356:1000250","MORPHO_OIV_054","Young leaf: density of erect hairs between main veins on lower side of blade (4th leaf)","Young leaf: density of erect hairs between main veins on lower side of blade (4th leaf)","http://www.w3.org/2001/XMLSchema#string",NA,NA
"https://cropontology.org/term/CO_356:1000251","MORPHO_OIV_056","Young leaf: density of erect hairs on main veins on lower side of blade","Young leaf: density of erect hairs on main veins on lower side of blade","http://www.w3.org/2001/XMLSchema#string",NA,NA
"https://cropontology.org/term/CO_356:1000252","MORPHO_OIV_053","Young leaf: density of prostrate hairs between main veins on lower side of blade (4th leaf)","Young leaf: density of prostrate hairs between main veins on lower side of blade (4th leaf)","http://www.w3.org/2001/XMLSchema#string",NA,NA
"https://cropontology.org/term/CO_356:1000253","MORPHO_OIV_055","Young leaf: density of prostrate hairs on main veins on lower side of blade (4th leaf)","Young leaf: density of prostrate hairs on main veins on lower side of blade (4th leaf)","http://www.w3.org/2001/XMLSchema#string",NA,NA
"https://cropontology.org/term/CO_356:1000254","MORPHO_OIV_001","Young Shoot: aperture of tip","Young Shoot: aperture of tip","http://www.w3.org/2001/XMLSchema#string",NA,NA
"https://cropontology.org/term/CO_356:1000255","MORPHO_OIV_002","Young Shoot: distribution of anthocyanin coloration on prostrate hairs of tip","Young Shoot: distribution of anthocyanin coloration on prostrate hairs of tip","http://www.w3.org/2001/XMLSchema#string",NA,NA
"https://cropontology.org/term/CO_356:1000256","MORPHO_OIV_005","Young Shoot: density of erect hairs on tip","Young Shoot: density of erect hairs on tip","http://www.w3.org/2001/XMLSchema#string",NA,NA
"https://cropontology.org/term/CO_356:1000257","MORPHO_OIV_004","Young Shoot: density of prostrate hairs on tip","Young Shoot: density of prostrate hairs on tip","http://www.w3.org/2001/XMLSchema#string",NA,NA
"https://cropontology.org/term/CO_356:1000258","MORPHO_OIV_003","Young Shoot: intensity of anthocyanin coloration on prostrate hairs of tip","Young Shoot: intensity of anthocyanin coloration on prostrate hairs of tip","http://www.w3.org/2001/XMLSchema#string",NA,NA
"https://cropontology.org/term/CO_356:1000259","NB_SHOOTS_SPURS_PLANT","Nb shoots on spurs","Nb shoots on spurs","http://www.w3.org/2001/XMLSchema#decimal",NA,NA
"https://cropontology.org/term/CO_356:1000260","NB_INFLO_I_PLANT","Number of inflorescences on primary shoots per plant","Number of inflorescences on primary shoots per plant","http://www.w3.org/2001/XMLSchema#decimal",NA,NA
"https://cropontology.org/term/CO_356:1000261","NB_INFLO_SPURS_PLANT","Number of inflorescences on spurs per plant","Number of inflorescences on spurs per plant","http://www.w3.org/2001/XMLSchema#decimal",NA,NA
"https://cropontology.org/term/CO_356:1000262","NB_INFLO_II_PLANT","Number of inflorescences on secundary shoots per plant","Number of inflorescences on secundary shoots per plant","http://www.w3.org/2001/XMLSchema#decimal",NA,NA
"https://cropontology.org/term/CO_356:1000263","NB_INFLO_NCP_PLANT","Number of inflorescences on non-count positions per plant","Number of inflorescences on non-count positions per plant","http://www.w3.org/2001/XMLSchema#decimal",NA,NA
"https://cropontology.org/term/CO_356:1000264","NB_SHOOT_ALL_PLANT","Total number of shoots per plant ","Total number of shoots per plant ","http://www.w3.org/2001/XMLSchema#decimal",NA,NA
"https://cropontology.org/term/CO_356:1000265","FERT_SPURS","Number of inflorescences per shoot on spurs","Number of inflorescences per shoot on spurs","http://www.w3.org/2001/XMLSchema#decimal",NA,NA
"https://cropontology.org/term/CO_356:1000266","FERT_GLOB","Number of inflorescences per shoot (all kinds of shoots)","Number of inflorescences per shoot (all kinds of shoots)","http://www.w3.org/2001/XMLSchema#decimal",NA,NA
"https://cropontology.org/term/CO_356:1000267","FERT_PRIM","Total number of inflorescences/number of primary shoots","Total number of inflorescences/number of primary shoots","http://www.w3.org/2001/XMLSchema#decimal",NA,NA
"https://cropontology.org/term/CO_356:1000268","NB_SHOOT_ALL_M2","Number of shoots (all) per m2","Number of shoots (all) per m2","http://www.w3.org/2001/XMLSchema#decimal",NA,NA
"https://cropontology.org/term/CO_356:1000269","LEAF_A_PLANT","Leaf area per plant","Leaf area per plant","http://www.w3.org/2001/XMLSchema#decimal",NA,NA
"https://cropontology.org/term/CO_356:1000270","NB_BUDS_M2","Number of buds left after pruning per m2","Number of buds left after pruning per m2","http://www.w3.org/2001/XMLSchema#decimal",NA,NA
"https://cropontology.org/term/CO_356:1000271","NB_CLUST_M2","Number of clusters per m2","Number of clusters per m2","http://www.w3.org/2001/XMLSchema#decimal",NA,NA
"https://cropontology.org/term/CO_356:1000272","NB_INFLO_ALL_M2","Number of inflorescences (All) per m2","Number of inflorescences (All) per m2","http://www.w3.org/2001/XMLSchema#decimal",NA,NA
"https://cropontology.org/term/CO_356:1000273","NB_NCP_M2","Number of non-count positions shoots per m2","Number of non-count positions shoots per m2","http://www.w3.org/2001/XMLSchema#decimal",NA,NA
"https://cropontology.org/term/CO_356:1000275","NB_SHOOT_I_M2","Number of primary shoots per m2","Number of primary shoots per m2","http://www.w3.org/2001/XMLSchema#decimal",NA,NA
"https://cropontology.org/term/CO_356:1000276","NB_SBUDS_M2","Number of sprouted buds per m2","Number of sprouted buds per m2","http://www.w3.org/2001/XMLSchema#decimal",NA,NA
"https://cropontology.org/term/CO_356:1000277","NB_SHOOT_II_M2","Number of secundary shoots per m2","Number of secundary shoots per m2","http://www.w3.org/2001/XMLSchema#decimal",NA,NA
"https://cropontology.org/term/CO_356:1000278","NB_INFLO_I_M2","Number of inflorescences on primary shoots per m2","Number of inflorescences on primary shoots per m2","http://www.w3.org/2001/XMLSchema#decimal",NA,NA
"https://cropontology.org/term/CO_356:1000279","NB_INFLO_II_M2","Number of inflorescences on secondary shoots per m2","Number of inflorescences on secondary shoots per m2","http://www.w3.org/2001/XMLSchema#decimal",NA,NA
"https://cropontology.org/term/CO_356:1000280","NB_INFLO_NCP_M2","Number of inflorescences on non count positions per m2","Number of inflorescences on non count positions per m2","http://www.w3.org/2001/XMLSchema#decimal",NA,NA
"https://cropontology.org/term/CO_356:1000281","NB_INFLO_SPURS_M2","Nb inflo. spurs","Nb inflo. spurs","http://www.w3.org/2001/XMLSchema#decimal",NA,NA
"https://cropontology.org/term/CO_356:1000282","NB_SHOOTS_SPURS_M2","Nb shoots on spurs","Nb shoots on spurs","http://www.w3.org/2001/XMLSchema#decimal",NA,NA
"https://cropontology.org/term/CO_356:1000283","DM_SPOR%DISK_DIVILOV","Percentage of leaf disk coverd with downy mildew sporulation (Divilov)","Percentage of leaf disk coverd with downy mildew sporulation (Divilov)","http://www.w3.org/2001/XMLSchema#decimal",NA,NA
"https://cropontology.org/term/CO_356:1000284","DM_SPOR%DISK_PERESSOTTI","Percentage of leaf disk coverd with downy mildew sporulation (Perssotti)","Percentage of leaf disk coverd with downy mildew sporulation (Perssotti)","http://www.w3.org/2001/XMLSchema#decimal",NA,NA
"https://cropontology.org/term/CO_356:1000285","DM_HRnecrosis","Quantification of HR necrosis after DM inoculation","Quantification of HR necrosis after DM inoculation","http://www.w3.org/2001/XMLSchema#string",NA,NA
"https://cropontology.org/term/CO_356:1000286","DM_SCORE_DISK","DM rating  on leaf disks (1-5 scale)","DM rating  on leaf disks (1-5 scale)","http://www.w3.org/2001/XMLSchema#string",NA,NA
"https://cropontology.org/term/CO_356:1000287","DM_SCORE_VINEYARD","DM rating on the most infected leaves (1-10 scale)","DM rating on the most infected leaves (1-10 scale)","http://www.w3.org/2001/XMLSchema#string",NA,NA
"https://cropontology.org/term/CO_356:1000288","HARVEST_DATE","Harvest date (calendar date)","Harvest date (calendar date)","http://www.w3.org/2001/XMLSchema#date",NA,NA
"https://cropontology.org/term/CO_356:1000289","HARVEST_DOY","Harvest date (Day of year)","Harvest date (Day of year)","http://www.w3.org/2001/XMLSchema#date",NA,NA
"https://cropontology.org/term/CO_356:1000290","PRUN_FW_M2","Pruning fresh weight per m2","Pruning fresh weight per m2","http://www.w3.org/2001/XMLSchema#decimal",NA,NA
"https://cropontology.org/term/CO_356:1000291","MUST_MAL_g","Malic acid concentration of the must (Enzym.","Malic acid concentration of the must (Enzym.","http://www.w3.org/2001/XMLSchema#decimal",NA,NA
"https://cropontology.org/term/CO_356:1000292","MUST_TART_g","Tartaric acid concentration of the must (metav.","Tartaric acid concentration of the must (metav.","http://www.w3.org/2001/XMLSchema#decimal",NA,NA
"https://cropontology.org/term/CO_356:1000294","MUST_MAL_HPLC_g","Malic acid concentration of the must (HPLC","Malic acid concentration of the must (HPLC","http://www.w3.org/2001/XMLSchema#decimal",NA,NA
"https://cropontology.org/term/CO_356:1000295","MUST_TART_HPLC_g","Tartaric acid concentration of the must (HPLC","Tartaric acid concentration of the must (HPLC","http://www.w3.org/2001/XMLSchema#decimal",NA,NA
"https://cropontology.org/term/CO_356:1000296","MUST_K_IC","Potassium concentration of the must (IC-HPLC","Potassium concentration of the must (IC-HPLC","http://www.w3.org/2001/XMLSchema#decimal",NA,NA
"https://cropontology.org/term/CO_356:1000297","BER_K_HPLC","Potassium concentration of the berries (IC-HPLC","Potassium concentration of the berries (IC-HPLC","http://www.w3.org/2001/XMLSchema#decimal",NA,NA
"https://cropontology.org/term/CO_356:1000298","BER_MAL_g","Malic acid concentration of the berries (Enzym.","Malic acid concentration of the berries (Enzym.","http://www.w3.org/2001/XMLSchema#decimal",NA,NA
"https://cropontology.org/term/CO_356:1000299","Berry","Berry","Malic acid concentration of the berries (HPLC","http://www.w3.org/2001/XMLSchema#decimal",NA,NA
"https://cropontology.org/term/CO_356:1000300","BER_TART_g","Tartaric acid concentration in the berries (Enzym.","Tartaric acid concentration in the berries (Enzym.","http://www.w3.org/2001/XMLSchema#decimal",NA,NA
"https://cropontology.org/term/CO_356:1000301","BER_TART_HPLC_g","Tartaric acid concentration in the berries (HPLC","Tartaric acid concentration in the berries (HPLC","http://www.w3.org/2001/XMLSchema#decimal",NA,NA
"https://cropontology.org/term/CO_356:1000302","BER_TA_g","Titratable acidity of the berries (g/l H2SO4)","Titratable acidity of the berries (g/l H2SO4)","http://www.w3.org/2001/XMLSchema#decimal",NA,NA
